,season_type,id,year,week,neutral_site,home_team,home_conference,home_points,home_elo,away_team,away_conference,away_points,away_elo,spread,home_ML,away_ML,over_under,margin,home_win,home_rank,away_rank,away_defense_havoc,away_defense_line_yards_total,away_defense_open_field_yards_total,away_defense_stuff_rate,away_defense_success_rate,away_defense_total_ppa,away_offense_havoc,away_offense_line_yards_total,away_offense_open_field_yards_total,away_offense_success_rate,away_offense_total_ppa,home_defense_havoc,home_defense_line_yards_total,home_defense_open_field_yards_total,home_defense_stuff_rate,home_defense_success_rate,home_defense_total_ppa,home_offense_havoc,home_offense_line_yards_total,home_offense_open_field_yards_total,home_offense_stuff_rate,home_offense_success_rate,home_offense_total_ppa,away_defense_ppo,away_defense_rushing_ppa,away_defense_passing_ppa,away_offense_ppo,away_offense_rushing_ppa,away_offense_passing_ppa,home_defense_ppo,home_defense_rushing_ppa,home_defense_passing_ppa,home_offense_ppo,home_offense_rushing_ppa,home_offense_passing_ppa
0,regular,401635525,2024,1,True,Georgia Tech,ACC,24,1497.0,Florida State,ACC,21,1692.0,10.0,345.0,-470.0,54.5,-3,1,0,10,0.06722689075630252,252.0,123.0,0.16470588235294117,0.46218487394957986,36.561379794916164,0.07758620689655173,107.0,21.0,0.35344827586206895,11.660836342256012,0.175,138.0,74.0,0.27586206896551724,0.44166666666666665,13.928147453331443,0.1415929203539823,208.0,161.0,0.1323529411764706,0.504424778761062,50.30170432113497,4.454545454545454,18.02438661525746,18.5369931796587,3.3333333333333335,-2.153422730344695,13.814259072600708,3.0,3.015648793014963,10.91249866031648,4.454545454545454,23.291513496145537,27.01019082498943
5,regular,401643696,2024,1,False,Nevada,Mountain West,24,1222.0,SMU,ACC,29,1690.0,28.0,1100.0,-3500.0,55.5,5,0,0,0,0.21052631578947367,174.0,40.0,0.2,0.2857142857142857,-14.058545843940017,0.1736111111111111,299.0,130.0,0.4930555555555556,58.334281125130886,0.20300751879699247,191.0,80.0,0.25757575757575757,0.43609022556390975,36.250140834240995,0.13333333333333333,229.0,114.0,0.175,0.4,20.124707840208487,3.875,-13.540381907544784,1.2489462271263387,5.266666666666667,23.334359131915157,34.99992199321573,4.5,10.993852305856274,25.256288528384722,4.0,6.611369923115287,15.28044808061477
36,regular,401628448,2024,1,False,Minnesota,Big Ten,17,1492.0,North Carolina,ACC,19,1546.0,2.0,-135.0,115.0,52.5,2,0,0,0,0.2037037037037037,79.0,21.0,0.21428571428571427,0.37037037037037035,7.301527846451796,0.1875,109.0,23.0,0.328125,-2.185021569281568,0.1875,109.0,23.0,0.1282051282051282,0.328125,-2.185021569281568,0.2037037037037037,79.0,21.0,0.21428571428571427,0.37037037037037035,7.301527846451796,3.4,4.587622288195149,2.713905558256646,3.1666666666666665,3.2116662218233265,-5.3966877911048945,3.1666666666666665,3.2116662218233265,-5.3966877911048945,3.4,4.587622288195149,2.713905558256646
44,regular,401640998,2024,1,False,Jacksonville State,Conference USA,27,1538.0,Coastal Carolina,Sun Belt,55,1448.0,-3.5,-170.0,145.0,54.5,28,0,0,0,0.22807017543859648,94.0,39.0,0.1724137931034483,0.42105263157894735,4.346090749626379,0.12,173.0,63.0,0.52,26.912731067358695,0.12,173.0,63.0,0.18181818181818182,0.52,26.912731067358695,0.22807017543859648,94.0,39.0,0.1724137931034483,0.42105263157894735,4.346090749626379,4.0,-3.242611912089756,7.588702661716135,5.333333333333333,10.948375403851616,15.964355663507078,5.333333333333333,10.948375403851616,15.964355663507078,4.0,-3.242611912089756,7.588702661716135
58,regular,401628453,2024,1,False,Michigan State,Big Ten,16,1392.0,Florida Atlantic,American Athletic,10,1422.0,-12.0,-480.0,350.0,45.0,-6,1,0,0,0.16666666666666666,89.0,64.0,0.2702702702702703,0.26666666666666666,-8.39335289154787,0.21739130434782608,104.0,36.0,0.2608695652173913,-9.826256386113467,0.21739130434782608,104.0,36.0,0.24324324324324326,0.2608695652173913,-9.826256386113467,0.16666666666666666,89.0,64.0,0.2702702702702703,0.26666666666666666,-8.39335289154787,1.4,-2.7327387974275585,-5.660614094120313,1.4285714285714286,-0.47408286766366403,-7.370227355559937,1.4285714285714286,-0.47408286766366403,-7.370227355559937,1.4,-2.7327387974275585,-5.660614094120313
61,regular,401628461,2024,1,False,Wisconsin,Big Ten,28,1587.0,Western Michigan,Mid-American,14,1315.0,-24.0,-3300.0,1100.0,57.0,-14,1,0,0,0.16049382716049382,166.0,5.0,0.09090909090909091,0.5679012345679012,20.580734966267567,0.07692307692307693,86.0,23.0,0.4230769230769231,9.98145710764449,0.07692307692307693,86.0,23.0,0.21875,0.4230769230769231,9.98145710764449,0.16049382716049382,166.0,5.0,0.09090909090909091,0.5679012345679012,20.580734966267567,4.5,16.841599898916535,3.739135067351032,3.5,4.06136699520693,5.920090112437561,3.5,4.06136699520693,5.920090112437561,4.5,16.841599898916535,3.739135067351032
62,regular,401634300,2024,1,False,Stanford,ACC,27,1286.0,TCU,Big 12,34,1587.0,8.0,250.0,-300.0,58.5,7,0,0,0,0.2191780821917808,57.0,60.0,0.3333333333333333,0.3424657534246575,7.2419214956308045,0.12162162162162163,79.0,3.0,0.5,18.290664332382853,0.12162162162162163,79.0,3.0,0.28125,0.5,18.290664332382853,0.2191780821917808,57.0,60.0,0.3333333333333333,0.3424657534246575,7.2419214956308045,4.5,3.39824213085393,3.8436793647768748,3.7777777777777777,1.9395870161561173,16.351077316226736,3.7777777777777777,1.9395870161561173,16.351077316226736,4.5,3.39824213085393,3.8436793647768748
64,regular,401628451,2024,1,False,Maryland,Big Ten,50,1630.0,UConn,FBS Independents,7,1230.0,-19.0,-1500.0,775.0,45.5,-43,1,0,0,0.12658227848101267,126.0,71.0,0.21428571428571427,0.4936708860759494,30.630929186361378,0.12903225806451613,61.0,11.0,0.3225806451612903,-4.2518644941462584,0.12903225806451613,61.0,11.0,0.17857142857142858,0.3225806451612903,-4.2518644941462584,0.12658227848101267,126.0,71.0,0.21428571428571427,0.4936708860759494,30.630929186361378,5.285714285714286,4.996961646843799,25.63396753951758,1.75,-1.247742017902706,-3.0041224762435523,1.75,-1.247742017902706,-3.0041224762435523,5.285714285714286,4.996961646843799,25.63396753951758
69,regular,401628457,2024,1,False,West Virginia,Big 12,12,1574.0,Penn State,Big Ten,34,1833.0,7.5,290.0,-380.0,48.0,22,0,0,8,0.25,85.0,3.0,0.23529411764705882,0.375,0.82341345426706,0.0847457627118644,128.0,69.0,0.4406779661016949,26.334401627567047,0.0847457627118644,128.0,69.0,0.14634146341463414,0.4406779661016949,26.334401627567047,0.25,85.0,3.0,0.23529411764705882,0.375,0.82341345426706,2.6,1.230198506718517,-0.40678505245145713,5.6,7.009800908901988,19.324600718665057,5.6,7.009800908901988,19.324600718665057,2.6,1.230198506718517,-0.40678505245145713
70,regular,401628333,2024,1,False,Vanderbilt,SEC,34,1284.0,Virginia Tech,ACC,27,1604.0,13.5,390.0,-520.0,53.5,-7,1,0,0,0.1875,128.0,24.0,0.2391304347826087,0.46875,18.65564140180525,0.203125,67.0,21.0,0.421875,16.702601589775853,0.203125,67.0,21.0,0.15384615384615385,0.421875,16.702601589775853,0.1875,128.0,24.0,0.2391304347826087,0.46875,18.65564140180525,3.857142857142857,2.1399038187048114,16.515737583100442,5.0,1.1136501763228623,15.58895141345299,5.0,1.1136501763228623,15.58895141345299,3.857142857142857,2.1399038187048114,16.515737583100442
72,regular,401634305,2024,1,False,Pittsburgh,ACC,55,1436.0,Kent State,Mid-American,24,1158.0,-23.5,-3300.0,1100.0,55.5,-31,1,0,0,0.1282051282051282,121.0,107.0,0.0,0.5128205128205128,23.204689809624806,0.26153846153846155,44.0,1.0,0.3076923076923077,-1.80257351298698,0.26153846153846155,44.0,1.0,0.48484848484848486,0.3076923076923077,-1.80257351298698,0.1282051282051282,121.0,107.0,0.0,0.5128205128205128,23.204689809624806,5.125,6.077056529082682,17.127633280542124,3.4,-8.10771748988739,6.3051439769004105,3.4,-8.10771748988739,6.3051439769004105,5.125,6.077056529082682,17.127633280542124
87,regular,401628322,2024,1,False,Florida,SEC,17,1562.0,Miami,ACC,41,1553.0,2.5,120.0,-142.0,54.5,24,0,0,19,0.2962962962962963,60.0,71.0,0.28,0.4074074074074074,-2.929500521478655,0.08695652173913043,105.0,23.0,0.4782608695652174,28.969302238538965,0.08695652173913043,105.0,23.0,0.09375,0.4782608695652174,28.969302238538965,0.2962962962962963,60.0,71.0,0.28,0.4074074074074074,-2.929500521478655,3.3333333333333335,6.0400192535075075,-8.969519774986162,4.555555555555555,6.7972178905136555,22.17208434802531,4.555555555555555,6.7972178905136555,22.17208434802531,3.3333333333333335,6.0400192535075075,-8.969519774986162
88,regular,401644683,2024,1,True,Northwestern,Big Ten,13,1498.0,Miami (OH),Mid-American,6,1506.0,-4.0,-148.0,124.0,43.0,-7,1,0,0,0.15254237288135594,97.0,30.0,0.1724137931034483,0.4406779661016949,8.089242406330065,0.22033898305084745,50.0,5.0,0.3898305084745763,-2.5011709119646244,0.22033898305084745,50.0,5.0,0.3,0.3898305084745763,-2.5011709119646244,0.15254237288135594,97.0,30.0,0.1724137931034483,0.4406779661016949,8.089242406330065,2.6,5.258780351425369,2.830462054904696,1.5,-2.903294041681809,0.40212312971718456,1.5,-2.903294041681809,0.40212312971718456,2.6,5.258780351425369,2.830462054904696
89,regular,401641015,2024,1,False,UTSA,American Athletic,28,1598.0,Kennesaw State,Conference USA,16,1500.0,-24.0,-3600.0,1500.0,49.5,-12,1,0,0,0.15492957746478872,80.0,14.0,0.2,0.4084507042253521,17.6693974090147,0.234375,44.0,6.0,0.234375,-4.207161649658306,0.234375,44.0,6.0,0.37142857142857144,0.234375,-4.207161649658306,0.15492957746478872,80.0,14.0,0.2,0.4084507042253521,17.6693974090147,4.0,1.0712215277709956,16.5981758812437,3.2,-5.729705399716833,1.5225437500585273,3.2,-5.729705399716833,1.5225437500585273,4.0,1.0712215277709956,16.5981758812437
90,regular,401634304,2024,1,False,Syracuse,ACC,38,1330.0,Ohio,Mid-American,22,1522.0,-17.5,-850.0,575.0,47.5,-16,1,0,0,0.08571428571428572,92.0,26.0,0.13793103448275862,0.4857142857142857,29.503388752607204,0.22388059701492538,111.0,72.0,0.44776119402985076,6.258286856596141,0.22388059701492538,111.0,72.0,0.2727272727272727,0.44776119402985076,6.258286856596141,0.08571428571428572,92.0,26.0,0.13793103448275862,0.4857142857142857,29.503388752607204,6.333333333333333,2.4531584114085763,27.050230341198628,2.6666666666666665,6.719375288323869,-0.4610884317277279,2.6666666666666665,6.719375288323869,-0.4610884317277279,6.333333333333333,2.4531584114085763,27.050230341198628
91,regular,401628331,2024,1,False,Texas,SEC,52,1850.0,Colorado State,Mountain West,0,1350.0,-35.5,-20000.0,3500.0,59.0,-52,1,4,0,0.13333333333333333,128.0,37.0,0.1951219512195122,0.5733333333333334,29.825297145751154,0.19642857142857142,80.0,5.0,0.3392857142857143,-6.132724191514644,0.19642857142857142,80.0,5.0,0.21875,0.3392857142857143,-6.132724191514644,0.13333333333333333,128.0,37.0,0.1951219512195122,0.5733333333333334,29.825297145751154,5.2,8.136492102241471,21.68880504350968,0.0,-1.853987448602787,-4.278736742911857,0.0,-1.853987448602787,-4.278736742911857,5.2,8.136492102241471,21.68880504350968
96,regular,401628454,2024,1,False,Nebraska,Big Ten,40,1507.0,UTEP,Conference USA,7,1296.0,-27.5,-3600.0,1500.0,49.0,-33,1,0,0,0.07407407407407407,156.0,38.0,0.09090909090909091,0.49382716049382713,22.20900555881984,0.2708333333333333,74.0,6.0,0.3541666666666667,8.891341964738515,0.2708333333333333,74.0,6.0,0.05,0.3541666666666667,8.891341964738515,0.07407407407407407,156.0,38.0,0.09090909090909091,0.49382716049382713,22.20900555881984,3.875,11.68796614827011,10.521039410549731,7.0,5.008877701511558,6.11399823131988,7.0,5.008877701511558,6.11399823131988,3.875,11.68796614827011,10.521039410549731
97,regular,401628449,2024,1,False,Indiana,Big Ten,31,1395.0,Florida International,Conference USA,7,1164.0,-20.5,-3200.0,1400.0,50.5,-24,1,0,0,0.15384615384615385,131.0,64.0,0.15789473684210525,0.5076923076923077,21.979909593373346,0.2033898305084746,47.0,13.0,0.3220338983050847,-2.9561456922900233,0.2033898305084746,47.0,13.0,0.25925925925925924,0.3220338983050847,-2.9561456922900233,0.15384615384615385,131.0,64.0,0.15789473684210525,0.5076923076923077,21.979909593373346,5.166666666666667,11.32021025852775,10.659699334845598,3.5,-3.5862818948515365,0.6301362025615133,3.5,-3.5862818948515365,0.6301362025615133,5.166666666666667,11.32021025852775,10.659699334845598
98,regular,401629039,2024,1,False,Massachusetts,FBS Independents,14,1141.0,Eastern Michigan,Mid-American,28,1287.0,-2.5,-130.0,110.0,49.0,14,0,0,0,0.17647058823529413,111.0,38.0,0.125,0.4411764705882353,10.43487087338055,0.0967741935483871,91.0,20.0,0.41935483870967744,12.217523676774002,0.0967741935483871,91.0,20.0,0.14705882352941177,0.41935483870967744,12.217523676774002,0.17647058823529413,111.0,38.0,0.125,0.4411764705882353,10.43487087338055,2.3333333333333335,11.772962835086632,-1.3380919617060825,3.857142857142857,0.09964075735074121,12.117882919423261,3.857142857142857,0.09964075735074121,12.117882919423261,2.3333333333333335,11.772962835086632,-1.3380919617060825
100,regular,401643700,2024,1,False,Georgia Southern,Sun Belt,45,1384.0,Boise State,Mountain West,56,1626.0,13.0,320.0,-430.0,57.5,11,0,0,0,0.20238095238095238,95.0,55.0,0.21212121212121213,0.39285714285714285,27.328720024256388,0.14285714285714285,108.0,225.0,0.5714285714285714,43.7287892453102,0.14285714285714285,108.0,225.0,0.20588235294117646,0.5714285714285714,43.7287892453102,0.20238095238095238,95.0,55.0,0.21212121212121213,0.39285714285714285,27.328720024256388,6.428571428571429,13.267972133961381,14.060747890295007,5.25,28.11164151853454,15.617147726775663,5.25,28.11164151853454,15.617147726775663,6.428571428571429,13.267972133961381,14.060747890295007
103,regular,401628329,2024,1,False,South Carolina,SEC,23,1562.0,Old Dominion,Sun Belt,19,1406.0,-20.5,-1600.0,800.0,49.5,-4,1,0,0,0.15789473684210525,148.0,34.0,0.11764705882352941,0.3684210526315789,5.1875548340555095,0.2714285714285714,81.0,32.0,0.34285714285714286,4.604123084516697,0.2714285714285714,81.0,32.0,0.1,0.34285714285714286,4.604123084516697,0.15789473684210525,148.0,34.0,0.11764705882352941,0.3684210526315789,5.1875548340555095,2.875,8.368524606820856,-3.1809697727653465,3.25,3.5507899226796997,5.629095338190529,3.25,3.5507899226796997,5.629095338190529,2.875,8.368524606820856,-3.1809697727653465
106,regular,401643775,2024,1,False,South Alabama,Sun Belt,38,1650.0,North Texas,American Athletic,52,1412.0,-6.0,-210.0,175.0,61.5,14,0,0,0,0.07407407407407407,127.0,6.0,0.03225806451612903,0.5185185185185185,37.23137886784007,0.039473684210526314,91.0,3.0,0.5263157894736842,27.61773712787408,0.039473684210526314,91.0,3.0,0.058823529411764705,0.5263157894736842,27.61773712787408,0.07407407407407407,127.0,6.0,0.03225806451612903,0.5185185185185185,37.23137886784007,5.125,12.688255949657632,24.543122918182437,4.75,0.8890910996700278,26.72864602820405,4.75,0.8890910996700278,26.72864602820405,5.125,12.688255949657632,24.543122918182437
121,regular,401641039,2024,1,False,Rice,American Athletic,14,1362.0,Sam Houston,Conference USA,34,1388.0,-9.5,-390.0,295.0,49.0,20,0,0,0,0.20967741935483872,54.0,5.0,0.0625,0.27419354838709675,-4.542345660949364,0.19444444444444445,144.0,43.0,0.3611111111111111,12.954082306474037,0.19444444444444445,144.0,43.0,0.05128205128205128,0.3611111111111111,12.954082306474037,0.20967741935483872,54.0,5.0,0.0625,0.27419354838709675,-4.542345660949364,4.666666666666667,1.779158845888573,-6.321504506837937,2.857142857142857,6.613747396897632,6.340334909576406,2.857142857142857,6.613747396897632,6.340334909576406,4.666666666666667,1.779158845888573,-6.321504506837937
123,regular,401628319,2024,1,False,Alabama,SEC,63,1854.0,Western Kentucky,Conference USA,0,1466.0,-31.0,-20000.0,3500.0,60.0,-63,1,5,0,0.09375,133.0,177.0,0.13043478260869565,0.5,44.528339752352366,0.2537313432835821,43.0,0.0,0.14925373134328357,-17.440450839129706,0.2537313432835821,43.0,0.0,0.34615384615384615,0.14925373134328357,-17.440450839129706,0.09375,133.0,177.0,0.13043478260869565,0.5,44.528339752352366,6.0,21.812454642278375,22.71588511007399,0.0,-10.809485304574526,-6.630965534555182,0.0,-10.809485304574526,-6.630965534555182,6.0,21.812454642278375,22.71588511007399
129,regular,401643701,2024,1,False,Troy,Sun Belt,26,1657.0,Nevada,Mountain West,28,1243.0,-7.5,-550.0,390.0,44.5,2,0,0,0,0.20300751879699247,191.0,80.0,0.25757575757575757,0.43609022556390975,36.250140834240995,0.13333333333333333,229.0,114.0,0.4,20.124707840208487,0.16363636363636364,96.0,87.0,0.23529411764705882,0.5272727272727272,17.86340969222613,0.15384615384615385,99.0,68.0,0.3235294117647059,0.4307692307692308,20.871095045834487,4.5,10.993852305856274,25.256288528384722,4.0,6.611369923115287,15.28044808061477,4.0,4.665302056035735,13.198107636190397,5.4,12.773455955506837,8.09763909032765
131,regular,401636611,2024,1,False,Houston,Big 12,7,1447.0,UNLV,Mountain West,27,1496.0,-3.0,-130.0,110.0,56.0,20,0,0,0,0.25806451612903225,53.0,15.0,0.3,0.3064516129032258,-8.51911816911353,0.13114754098360656,145.0,27.0,0.3114754098360656,-1.6005340516438156,0.13114754098360656,145.0,27.0,0.13043478260869565,0.3114754098360656,-1.6005340516438156,0.25806451612903225,53.0,15.0,0.3,0.3064516129032258,-8.51911816911353,3.5,-0.462379625320048,-8.05673854379348,2.2222222222222223,-3.9500687181731013,2.3495346665292858,2.2222222222222223,-3.9500687181731013,2.3495346665292858,3.5,-0.462379625320048,-8.05673854379348
140,regular,401628459,2024,1,False,Hawai'i,Mountain West,13,1227.0,UCLA,Big Ten,16,1568.0,13.5,410.0,-550.0,55.5,3,0,0,0,0.3188405797101449,58.0,10.0,0.2916666666666667,0.34782608695652173,-4.155048428647079,0.2631578947368421,44.0,8.0,0.2982456140350877,1.3692889178036023,0.26495726495726496,116.0,15.0,0.26666666666666666,0.3076923076923077,3.8343509406743976,0.2153846153846154,150.0,34.0,0.2,0.4307692307692308,6.92674031735316,2.6,-3.6234642878158834,-0.5315841408311953,2.2857142857142856,-4.10618761118707,5.475476528990672,3.3333333333333335,-1.2467829101096095,5.081133850784007,4.1,1.7444583634484547,5.182281953904705
144,regular,401628332,2024,1,False,Texas A&M,SEC,13,1681.0,Notre Dame,FBS Independents,23,1884.0,-3.0,-145.0,125.0,47.0,10,0,20,7,0.11764705882352941,126.0,16.0,0.1891891891891892,0.39705882352941174,-0.18019945391808273,0.140625,67.0,90.0,0.296875,10.115678524803721,0.140625,67.0,90.0,0.3235294117647059,0.296875,10.115678524803721,0.11764705882352941,126.0,16.0,0.1891891891891892,0.39705882352941174,-0.18019945391808273,3.25,6.305074108563387,-6.48527356248147,3.2,4.655604753180979,5.460073771622743,3.2,4.655604753180979,5.460073771622743,3.25,6.305074108563387,-6.48527356248147
153,regular,401643774,2024,1,False,Charlotte,American Athletic,7,1203.0,James Madison,Sun Belt,30,1691.0,6.5,230.0,-280.0,47.5,23,0,0,0,0.2,77.0,46.0,0.21428571428571427,0.29333333333333333,2.8059914040369054,0.288135593220339,84.0,85.0,0.4067796610169492,8.814742554399915,0.288135593220339,84.0,85.0,0.3,0.4067796610169492,8.814742554399915,0.2,77.0,46.0,0.21428571428571427,0.29333333333333333,2.8059914040369054,3.5,2.072540909144522,0.7334504948923835,3.875,2.2341977766359515,6.580544777763963,3.875,2.2341977766359515,6.580544777763963,3.5,2.072540909144522,0.7334504948923835
154,regular,401634302,2024,1,False,Georgia Tech,ACC,35,1513.0,Georgia State,Sun Belt,12,1416.0,-20.5,-2100.0,1100.0,57.0,-23,1,0,0,0.16393442622950818,105.0,112.0,0.125,0.45901639344262296,29.989936862789865,0.20967741935483872,71.0,56.0,0.46774193548387094,5.763987915039883,0.175,138.0,74.0,0.27586206896551724,0.44166666666666665,13.928147453331443,0.1415929203539823,208.0,161.0,0.1323529411764706,0.504424778761062,50.30170432113497,4.666666666666667,14.419817062437915,15.570119800351952,2.6,4.9603797808350745,0.8036081342048088,3.0,3.015648793014963,10.91249866031648,4.454545454545454,23.291513496145537,27.01019082498943
160,regular,401636609,2024,1,False,Arizona State,Big 12,48,1355.0,Wyoming,Mountain West,7,1496.0,-6.5,-250.0,210.0,47.0,-41,1,0,0,0.08450704225352113,185.0,50.0,0.06382978723404255,0.49295774647887325,26.83402398992936,0.21153846153846154,71.0,12.0,0.23076923076923078,-17.352984100613853,0.21153846153846154,71.0,12.0,0.20689655172413793,0.23076923076923078,-17.352984100613853,0.08450704225352113,185.0,50.0,0.06382978723404255,0.49295774647887325,26.83402398992936,3.375,15.107555666390768,11.726468323538594,7.0,-8.261390164158644,-9.091593936455208,7.0,-8.261390164158644,-9.091593936455208,3.375,15.107555666390768,11.726468323538594
166,regular,401628334,2024,1,True,LSU,SEC,20,1823.0,USC,Big Ten,27,1648.0,-4.0,-185.0,154.0,66.5,7,0,13,23,0.078125,71.0,31.0,0.19230769230769232,0.421875,15.360658508647317,0.27586206896551724,44.0,16.0,0.5517241379310345,18.70686825646716,0.27586206896551724,44.0,16.0,0.2857142857142857,0.5517241379310345,18.70686825646716,0.078125,71.0,31.0,0.19230769230769232,0.421875,15.360658508647317,4.0,-2.190868276774963,17.55152678542228,3.375,-1.9431380263958742,20.650006282863032,3.375,-1.9431380263958742,20.650006282863032,4.0,-2.190868276774963,17.55152678542228
213,regular,401634765,2024,2,False,SMU,ACC,15,1669.0,BYU,Big 12,18,1409.0,-12.5,-500.0,380.0,55.5,3,0,0,0,0.22131147540983606,175.0,83.0,0.14545454545454545,0.319672131147541,-3.1119674776412927,0.1510791366906475,244.0,50.0,0.4172661870503597,31.132015564763464,0.21025641025641026,262.0,72.0,0.22330097087378642,0.30256410256410254,-11.719266680400429,0.19069767441860466,379.0,168.0,0.15384615384615385,0.42790697674418604,48.50399156863281,2.9,10.719749831482709,-13.831717309124002,3.1875,8.688861166890256,22.443154397873208,3.0,-14.245730332593016,4.293573815714158,4.086956521739131,23.52972610660447,24.974265462028345
219,regular,401635533,2024,2,True,Northwestern,Big Ten,20,1514.0,Duke,ACC,26,1602.0,-2.5,-130.0,110.0,37.5,6,0,0,0,0.2781954887218045,103.0,52.0,0.38461538461538464,0.3157894736842105,-14.607445244212395,0.18115942028985507,134.0,3.0,0.3695652173913043,16.98956042161219,0.1937984496124031,134.0,6.0,0.20833333333333334,0.37209302325581395,6.054124301837709,0.22137404580152673,163.0,67.0,0.26153846153846155,0.3893129770992366,3.940480675354832,1.6,-8.26940717292877,-6.338038071283626,3.3333333333333335,-10.534565428023505,27.36203753308194,2.111111111111111,-6.775321745441707,12.829446047279417,2.1666666666666665,3.3549017318537766,0.585578943501055
227,regular,401643784,2024,2,False,Memphis,American Athletic,38,1569.0,Troy,Sun Belt,17,1629.0,-18.5,-1200.0,750.0,57.5,-21,1,0,0,0.1415929203539823,195.0,156.0,0.20967741935483872,0.504424778761062,36.051589221177736,0.1721311475409836,175.0,83.0,0.4426229508196721,28.08976261073342,0.24561403508771928,119.0,15.0,0.22807017543859648,0.3508771929824561,-8.362917469973423,0.13157894736842105,152.0,76.0,0.2641509433962264,0.4649122807017544,37.55879236505653,5.076923076923077,17.872867114276254,18.178722106901482,5.5,13.33663239037303,14.753130220360392,3.4,-5.450192720248508,-2.9127247497249145,5.642857142857143,15.94090916584954,21.617883199206993
229,regular,401628336,2024,2,False,Oklahoma State,Big 12,39,1522.0,Arkansas,SEC,31,1454.0,-10.5,-360.0,290.0,60.5,-8,1,16,0,0.20168067226890757,67.0,3.0,0.3333333333333333,0.31932773109243695,-2.433074731037137,0.1728395061728395,280.0,174.0,0.5617283950617284,68.73971360687844,0.189873417721519,216.0,120.0,0.16176470588235295,0.3860759493670886,25.070498753925765,0.1048951048951049,170.0,4.0,0.15873015873015872,0.3986013986013986,26.385091304372676,2.875,-14.016012345317385,11.582937614280247,4.117647058823529,32.57382761794013,36.165885988938314,1.8181818181818181,6.271759465110423,18.79873928881534,4.076923076923077,-0.586253438732293,26.971344743104968
230,regular,401636616,2024,2,False,Tulane,American Athletic,27,1565.0,Kansas State,Big 12,34,1794.0,8.5,280.0,-350.0,47.5,7,0,0,17,0.24166666666666667,139.0,108.0,0.2898550724637681,0.30833333333333335,0.21988379199969457,0.08928571428571429,241.0,182.0,0.49107142857142855,40.542246705199105,0.1574074074074074,180.0,84.0,0.22580645161290322,0.4074074074074074,4.025493302346492,0.13445378151260504,276.0,154.0,0.1388888888888889,0.4957983193277311,50.52960663934002,2.3636363636363638,-19.288062479435624,26.127349112967288,4.5,27.674064271679597,12.868182433519507,1.4444444444444444,2.2061746195155787,1.8193186828309131,4.0625,8.215552301653211,42.314054337686805
232,regular,401628471,2024,2,False,Rutgers,Big Ten,49,1460.0,Akron,Mid-American,17,1161.0,-24.5,-3500.0,1500.0,41.5,-32,1,0,0,0.1,273.0,130.0,0.15789473684210525,0.5461538461538461,52.940933827226544,0.21487603305785125,174.0,95.0,0.35537190082644626,-10.285931098397773,0.15126050420168066,177.0,100.0,0.2413793103448276,0.33613445378151263,-0.8930883452690755,0.08208955223880597,323.0,169.0,0.14942528735632185,0.5895522388059702,47.88971445488583,5.333333333333333,25.794637096896114,27.14629673033043,1.2857142857142858,7.437649636459327,-17.686593367848968,2.8333333333333335,11.262043394953341,-12.155131740222417,5.0,23.488181114229516,24.401533340656314
233,regular,401635534,2024,2,False,Syracuse,ACC,31,1383.0,Georgia Tech,ACC,28,1559.0,2.5,125.0,-145.0,60.5,-3,1,0,23,0.1507537688442211,217.0,96.0,0.26666666666666666,0.457286432160804,38.51358728995081,0.12359550561797752,277.0,193.0,0.4943820224719101,70.90563469177856,0.1590909090909091,180.0,104.0,0.22413793103448276,0.4621212121212121,26.86221722723973,0.10067114093959731,172.0,48.0,0.19672131147540983,0.48322147651006714,54.08882858922657,3.588235294117647,3.6867181841284498,34.82686910582236,4.8125,26.435248525006664,44.470386166771895,4.0,9.863110317184994,16.999106910054735,5.3076923076923075,3.124227802522063,50.964600786704516
234,regular,401645323,2024,2,False,Florida Atlantic,American Athletic,7,1413.0,Army,American Athletic,24,1425.0,-1.5,-115.0,-105.0,42.5,17,0,0,0,0.16037735849056603,184.0,21.0,0.10204081632653061,0.4716981132075472,12.73301709103453,0.04918032786885246,447.0,232.0,0.6147540983606558,61.723379482562635,0.125,309.0,193.0,0.15053763440860216,0.38333333333333336,18.321457495149918,0.21311475409836064,152.0,42.0,0.20754716981132076,0.3442622950819672,-4.082502883853583,2.3333333333333335,5.084992028287309,15.347749127505505,5.9,58.673411733336316,3.0499677492263184,2.6666666666666665,22.652972975213157,-4.331515480063237,1.7,-3.1490473372962766,4.571976531265491
235,regular,401635538,2024,2,False,Cincinnati,Big 12,27,1394.0,Pittsburgh,ACC,28,1486.0,2.5,-125.0,105.0,62.5,1,0,0,0,0.18840579710144928,139.0,52.0,0.3333333333333333,0.35507246376811596,14.72266329665468,0.1388888888888889,240.0,131.0,0.5069444444444444,42.46716498279875,0.19852941176470587,239.0,70.0,0.16129032258064516,0.4338235294117647,25.241365516562457,0.14074074074074075,187.0,143.0,0.1875,0.5037037037037037,53.50754197673584,3.7,-8.50945690158295,23.23212019823763,4.571428571428571,12.36480716409483,30.10235781870392,3.0,8.61430335457349,16.627062161988967,3.3636363636363638,11.375332488560677,42.13220948817516
248,regular,401628470,2024,2,False,Penn State,Big Ten,34,1861.0,Bowling Green,Mid-American,27,1431.0,-35.5,-20000.0,4000.0,51.5,-7,1,8,0,0.1322314049586777,261.0,150.0,0.125,0.4049586776859504,24.500305870801213,0.10743801652892562,206.0,155.0,0.45454545454545453,49.82773323698217,0.2,149.0,41.0,0.2833333333333333,0.3769230769230769,17.126661527380026,0.11206896551724138,253.0,167.0,0.15789473684210525,0.4482758620689655,42.0791542985205,3.3636363636363638,13.010284655323911,11.490021215477302,5.125,25.979652769696084,23.848080467286085,3.6666666666666665,3.0934240022311617,14.033237525148865,5.0,12.690905392314319,29.38824890620618
249,regular,401628347,2024,2,False,Michigan,Big Ten,12,1980.0,Texas,SEC,31,1939.0,7.0,200.0,-245.0,42.0,19,0,10,3,0.19090909090909092,148.0,7.0,0.18867924528301888,0.34545454545454546,-0.49942797318679377,0.11188811188811189,205.0,83.0,0.48951048951048953,48.071989784483144,0.144,111.0,46.0,0.21568627450980393,0.368,7.354348913797352,0.1391304347826087,180.0,20.0,0.16666666666666666,0.4,9.885483902472586,2.6,-3.274386205470016,2.774958232283222,5.1875,10.227771352523101,37.844218431960044,3.7777777777777777,-5.336516826230315,12.690865740027666,4.0,3.6374002438484245,6.248083658624163
327,regular,401628977,2024,2,False,Notre Dame,FBS Independents,14,1888.0,Northern Illinois,Mid-American,16,1446.0,-28.5,-7500.0,2500.0,46.5,2,0,5,0,0.15966386554621848,158.0,47.0,0.12727272727272726,0.37815126050420167,12.89676664600994,0.07633587786259542,311.0,115.0,0.5648854961832062,60.28179097256737,0.10606060606060606,263.0,36.0,0.16049382716049382,0.4015151515151515,8.664934871785853,0.144,147.0,127.0,0.22950819672131148,0.368,20.297731543319486,3.375,3.1339795223177043,9.762787123692235,3.923076923076923,24.398148747838047,35.88364222472932,2.444444444444444,8.326513399588231,0.33842147219762286,3.3333333333333335,9.784018852416656,10.513712690902828
328,regular,401635535,2024,2,False,Louisville,ACC,49,1625.0,Jacksonville State,Conference USA,14,1449.0,-27.5,-5000.0,2000.0,56.5,-35,1,22,0,0.08904109589041095,312.0,121.0,0.15384615384615385,0.5616438356164384,66.10264158679607,0.1623931623931624,182.0,77.0,0.358974358974359,10.872683644682667,0.19491525423728814,154.0,39.0,0.19298245614035087,0.288135593220339,-4.687956913953464,0.07518796992481203,241.0,233.0,0.14516129032258066,0.5714285714285714,69.81902970184281,5.294117647058823,28.89097910043036,37.211662486365704,4.25,-3.037006048615115,13.909689693297782,3.5,-2.179426131126982,-2.5085307828264822,5.0,38.02410465191695,31.794925049925858
329,regular,401636618,2024,2,False,Utah,Big 12,23,1622.0,Baylor,Big 12,12,1422.0,-14.5,-800.0,550.0,52.5,-11,1,11,0,0.10434782608695652,183.0,82.0,0.2191780821917808,0.24347826086956523,-7.498563263716544,0.15151515151515152,194.0,79.0,0.3560606060606061,1.1125429136218514,0.21428571428571427,167.0,52.0,0.22580645161290322,0.2767857142857143,-15.892978809676451,0.0967741935483871,228.0,94.0,0.1917808219178082,0.4032258064516129,26.967347074257162,2.2222222222222223,0.24874287265288247,-7.747306136369426,3.6666666666666665,4.0295516130839975,5.881657724838119,0.8571428571428571,-0.05253437587203898,-7.041778009504148,4.333333333333333,9.45238111425245,17.514965960004712
332,regular,401628337,2024,2,False,Auburn,SEC,14,1556.0,California,ACC,21,1483.0,-11.5,-525.0,400.0,52.5,7,0,0,0,0.25961538461538464,152.0,46.0,0.11627906976744186,0.40384615384615385,8.465562665533358,0.26373626373626374,96.0,26.0,0.43956043956043955,1.7639185877089807,0.18571428571428572,107.0,26.0,0.3384615384615385,0.3357142857142857,-8.747826548716478,0.17525773195876287,173.0,88.0,0.07317073170731707,0.4845360824742268,50.43739778669552,2.625,8.033295719666091,0.43226694586726594,4.666666666666667,-9.341004320409576,11.104922908118557,2.6666666666666665,-18.176151498269643,16.245719564509994,5.2,20.573829745314594,29.863568041380923
334,regular,401628464,2024,2,False,Iowa,Big Ten,19,1550.0,Iowa State,Big 12,20,1612.0,-3.0,-142.0,120.0,35.0,1,0,21,0,0.17266187050359713,213.0,124.0,0.22077922077922077,0.39568345323741005,-0.8143254148428694,0.09821428571428571,154.0,9.0,0.42857142857142855,23.814160811553947,0.18548387096774194,157.0,0.0,0.12727272727272726,0.3467741935483871,-1.4319326226051776,0.13043478260869565,230.0,179.0,0.21794871794871795,0.42028985507246375,19.450257302008488,2.090909090909091,6.701288284135563,-7.515613698978433,3.7777777777777777,-0.9223918523248262,24.736552663878776,2.6,-6.009663175693571,4.577730553088393,3.857142857142857,7.733758384045736,11.716498917962754
335,regular,401628340,2024,2,False,Kentucky,SEC,6,1640.0,South Carolina,SEC,31,1560.0,-9.5,-340.0,270.0,41.5,25,0,0,0,0.2706766917293233,203.0,51.0,0.16666666666666666,0.3609022556390977,-7.657829001526676,0.21428571428571427,188.0,54.0,0.3333333333333333,6.192875048084902,0.32098765432098764,56.0,20.0,0.4186046511627907,0.32098765432098764,-2.680066861738855,0.21359223300970873,216.0,40.0,0.171875,0.42718446601941745,2.2604942489739694,2.375,9.241501057364145,-12.323567882537288,3.6153846153846154,-4.607145361821487,10.80002040990639,4.0,-13.397504958541635,10.71743809680278,3.7,12.082462096289927,-9.821967847315959
336,regular,401628465,2024,2,False,Maryland,Big Ten,24,1703.0,Michigan State,Big Ten,27,1401.0,-7.5,-340.0,270.0,44.5,3,0,0,0,0.1791044776119403,183.0,36.0,0.2537313432835821,0.3358208955223881,6.143987014882105,0.1640625,148.0,120.0,0.34375,8.353265161566988,0.14615384615384616,120.0,67.0,0.22807017543859648,0.36923076923076925,12.4947535589686,0.13194444444444445,204.0,71.0,0.2361111111111111,0.4583333333333333,46.60117258735695,2.6153846153846154,-3.4607755370594355,11.586708714831406,2.4545454545454546,-3.3990652702164272,11.752330431783415,2.7,-1.9140684906915748,14.408822049660175,4.6923076923076925,2.010268977448027,44.59090360990893
340,regular,401635537,2024,2,False,North Carolina,ACC,38,1546.0,Charlotte,American Athletic,20,1195.0,-21.5,-2000.0,1100.0,47.5,-18,1,0,0,0.3220338983050847,84.0,85.0,0.3,0.4067796610169492,8.814742554399915,0.2,77.0,46.0,0.29333333333333333,2.8059914040369054,0.2037037037037037,79.0,21.0,0.21428571428571427,0.37037037037037035,7.301527846451796,0.21875,109.0,23.0,0.1282051282051282,0.328125,-2.185021569281568,3.875,2.2341977766359515,6.580544777763963,3.5,2.072540909144522,0.7334504948923835,3.4,4.587622288195149,2.713905558256646,3.1666666666666665,3.2116662218233265,-5.3966877911048945
341,regular,401629040,2024,2,False,Toledo,Mid-American,38,1526.0,Massachusetts,FBS Independents,23,1123.0,-17.5,-1000.0,700.0,50.5,-15,1,0,0,0.1619047619047619,135.0,30.0,0.18518518518518517,0.3523809523809524,8.70914282093399,0.22580645161290322,219.0,61.0,0.3870967741935484,17.892627645214503,0.24475524475524477,204.0,62.0,0.17647058823529413,0.3776223776223776,17.57940295418928,0.16363636363636364,194.0,43.0,0.12280701754385964,0.42727272727272725,24.327304335353997,3.923076923076923,-3.7789503321845994,12.488093153118589,3.0833333333333335,10.374211170195572,7.51841647501893,3.6666666666666665,3.607449713425715,17.739696512406177,4.4,9.880376346609935,14.446927988744061
342,regular,401645324,2024,2,False,Navy,American Athletic,38,1368.0,Temple,American Athletic,11,1115.0,-11.5,-525.0,400.0,43.5,-27,1,0,0,0.08,281.0,199.0,0.14285714285714285,0.416,30.807743037285498,0.2764227642276423,116.0,13.0,0.3089430894308943,-11.73930468336509,0.2076923076923077,141.0,18.0,0.23529411764705882,0.3076923076923077,7.390080358430452,0.046153846153846156,325.0,177.0,0.08823529411764706,0.47692307692307695,38.122486260306886,4.642857142857143,20.96675433959052,9.840988697694979,2.6,-11.08362337478589,1.0083877254022626,3.0,-1.272677698165697,10.326827090577611,5.090909090909091,19.880594209467155,18.24189205083973
343,regular,401628473,2024,2,False,Washington,Big Ten,30,1752.0,Eastern Michigan,Mid-American,9,1305.0,-25.0,-3000.0,1300.0,48.5,-21,1,0,0,0.16260162601626016,229.0,122.0,0.06896551724137931,0.5691056910569106,49.68810487097259,0.16535433070866143,177.0,33.0,0.3779527559055118,-3.62850739338371,0.21804511278195488,199.0,49.0,0.06349206349206349,0.3082706766917293,-19.945123377631408,0.13114754098360656,269.0,132.0,0.01694915254237288,0.6147540983606558,67.40327523563666,3.1666666666666665,25.77039627309725,23.917708597875336,3.2727272727272725,1.8450424633878248,-5.473549856771535,1.5,9.791790955460312,-29.73691433309172,4.916666666666667,32.40321952450222,35.00005571113444
347,regular,401643783,2024,2,False,Texas State,Sun Belt,49,1399.0,UTSA,American Athletic,10,1613.0,-2.5,-130.0,110.0,58.5,-39,1,0,0,0.359375,44.0,6.0,0.37142857142857144,0.234375,-4.207161649658306,0.38028169014084506,80.0,14.0,0.4084507042253521,17.6693974090147,0.4305555555555556,82.0,24.0,0.13043478260869565,0.2222222222222222,-3.0966506908540494,0.2073170731707317,146.0,62.0,0.125,0.4634146341463415,14.167990135770197,3.2,-5.729705399716833,1.5225437500585273,4.0,1.0712215277709956,16.5981758812437,5.0,4.650436433415453,-7.747087124269503,3.4,6.98148320667822,7.186506929091977
354,regular,401635540,2024,2,False,Virginia Tech,ACC,31,1575.0,Marshall,Sun Belt,14,1406.0,-20.5,-1600.0,900.0,52.5,-17,1,0,0,0.18571428571428572,228.0,27.0,0.14634146341463414,0.35,0.7842058225307807,0.19166666666666668,208.0,167.0,0.43333333333333335,24.431090034529646,0.2564102564102564,194.0,106.0,0.2318840579710145,0.36752136752136755,12.648154032407074,0.20967741935483872,194.0,48.0,0.15384615384615385,0.41935483870967744,23.880365408944403,3.375,3.316467702235995,-2.5322618797052145,2.7142857142857144,17.69361136944169,13.421580917731534,2.4285714285714284,9.725276090133598,9.606980194917055,4.888888888888889,7.617767206331189,16.262598202613212
359,regular,401643778,2024,2,False,Old Dominion,Sun Belt,14,1408.0,East Carolina,American Athletic,20,1404.0,-1.5,-125.0,105.0,53.5,6,0,0,0,0.2462686567164179,137.0,5.0,0.34177215189873417,0.291044776119403,-13.740658964427402,0.18125,211.0,102.0,0.4375,21.74412265426274,0.16363636363636364,249.0,107.0,0.19,0.3575757575757576,10.409497812414287,0.21830985915492956,180.0,34.0,0.1076923076923077,0.36619718309859156,9.048739308372134,2.0,-15.212631450461714,1.4719724860343126,3.0,2.2524125968269866,19.49171005743575,2.5714285714285716,6.572520838464242,3.836976973950045,2.857142857142857,1.53416102482582,12.090340459899846
362,regular,401640979,2024,2,True,Florida International,Conference USA,52,1129.0,Central Michigan,Mid-American,16,1333.0,3.5,145.0,-170.0,51.5,-36,1,0,0,0.37254901960784315,79.0,85.0,0.28125,0.35294117647058826,12.202570952017702,0.26506024096385544,151.0,14.0,0.40963855421686746,1.3979938925919795,0.19594594594594594,281.0,78.0,0.1038961038961039,0.4527027027027027,23.377903485965327,0.19090909090909092,125.0,98.0,0.2711864406779661,0.33636363636363636,9.24642525972768,5.625,11.099168545836882,1.1034024061808194,1.4,10.425525214745145,-9.027531322153164,3.4545454545454546,21.745735473272894,1.6321680126924332,5.2,7.5128866509853465,1.7335386087423328
380,regular,401636617,2024,2,False,UCF,Big 12,45,1578.0,Sam Houston,Conference USA,14,1436.0,-21.5,-1600.0,800.0,53.5,-31,1,0,0,0.1323529411764706,295.0,91.0,0.07042253521126761,0.47794117647058826,31.061456935795714,0.20161290322580644,188.0,50.0,0.3225806451612903,19.082399416815992,0.21296296296296297,89.0,9.0,0.2982456140350877,0.23148148148148148,-5.984212229517999,0.09731543624161074,437.0,263.0,0.08411214953271028,0.5906040268456376,60.44681797212965,4.916666666666667,34.91223103920126,-3.8507741034055405,3.375,-2.869410220110035,21.95180963692603,3.3333333333333335,-17.681977285947635,13.322933609927285,4.526315789473684,58.254085759753075,2.1927322123765762
382,regular,401628335,2024,2,False,Alabama,SEC,42,1997.0,South Florida,American Athletic,16,1442.0,-33.5,-10000.0,3000.0,65.5,-26,1,4,0,0.25547445255474455,139.0,89.0,0.36486486486486486,0.3284671532846715,3.3057378565944755,0.12582781456953643,271.0,139.0,0.36423841059602646,13.777850909258854,0.2080536912751678,176.0,55.0,0.23529411764705882,0.2214765100671141,-20.474702794861287,0.13076923076923078,230.0,264.0,0.20481927710843373,0.4461538461538462,62.46701276647487,3.875,-3.1818044445797247,6.487542301174201,3.8,17.383395494798194,-3.6055445855393407,1.6,-4.683929639775901,-15.790773155085386,5.833333333333333,30.592810360465077,31.874202406009797
383,regular,401628344,2024,2,False,Missouri,SEC,38,1744.0,Buffalo,Mid-American,0,1357.0,-34.5,-20000.0,4000.0,53.5,-38,1,9,0,0.14864864864864866,205.0,52.0,0.16666666666666666,0.5,26.34290995671449,0.14634146341463414,220.0,45.0,0.36585365853658536,10.566230840399081,0.20588235294117646,139.0,26.0,0.2903225806451613,0.22549019607843138,-27.3740195874895,0.07741935483870968,292.0,69.0,0.07894736842105263,0.6064516129032258,57.66046411613941,4.0,10.84004448962408,19.483487509640106,3.875,6.141132146898707,4.425098693500373,0.0,-6.859183951761062,-20.514835635728435,4.823529411764706,36.21645681461537,21.444007301524035
387,regular,401628462,2024,2,False,Illinois,Big Ten,23,1502.0,Kansas,Big 12,17,1619.0,4.5,170.0,-200.0,58.5,-6,1,0,19,0.20512820512820512,169.0,8.0,0.1206896551724138,0.3504273504273504,-1.02836985392143,0.09448818897637795,293.0,108.0,0.5590551181102362,40.55053773067924,0.15254237288135594,169.0,32.0,0.12962962962962962,0.3474576271186441,-2.43279019370007,0.15384615384615385,235.0,79.0,0.09333333333333334,0.4461538461538462,39.394341602811735,2.7142857142857144,-0.2624869653605772,-0.7658828885608527,5.777777777777778,31.08313640118536,14.559779847368318,2.8333333333333335,1.2300255576123973,1.8992039675186119,5.083333333333333,7.336678427586076,32.057663175225656
396,regular,401643708,2024,2,False,Nevada,Mountain West,17,1271.0,Georgia Southern,Sun Belt,20,1381.0,-1.5,-110.0,-110.0,56.5,3,0,0,0,0.13768115942028986,237.0,257.0,0.1917808219178082,0.5072463768115942,64.72314213399427,0.19424460431654678,121.0,64.0,0.3669064748201439,30.82357853066501,0.19680851063829788,217.0,89.0,0.27380952380952384,0.40425531914893614,39.74499934064962,0.13333333333333333,358.0,146.0,0.17647058823529413,0.41904761904761906,41.119060728892556,4.538461538461538,34.666587469686625,30.056554664307647,5.416666666666667,8.771768545291843,22.05180998537317,4.352941176470588,6.497648717186736,33.24735062346288,3.8333333333333335,13.166315874267372,29.719855018146752
404,regular,401635639,2024,2,False,Wake Forest,ACC,30,1431.0,Virginia,ACC,31,1310.0,1.5,-110.0,-110.0,55.5,1,0,0,0,0.14184397163120568,231.0,60.0,0.11267605633802817,0.3971631205673759,28.318052905273102,0.12781954887218044,191.0,66.0,0.42105263157894735,39.775978897445476,0.10714285714285714,230.0,39.0,0.08823529411764706,0.4714285714285714,23.342257295152606,0.10067114093959731,247.0,56.0,0.078125,0.4966442953020134,48.72448715681349,3.3076923076923075,13.078460700627558,15.239592204645547,4.461538461538462,3.41346079978263,36.36251809766284,4.0,3.234289621185695,26.85791048906787,4.066666666666666,20.172272400373554,28.552214756439938
405,regular,401643705,2024,2,False,Air Force,Mountain West,7,1572.0,San Jos√© State,Mountain West,17,1544.0,-1.5,-135.0,115.0,43.5,10,0,0,0,0.2152777777777778,240.0,45.0,0.17073170731707318,0.3611111111111111,1.8210918209041758,0.203125,96.0,34.0,0.3984375,21.267876515816997,0.18487394957983194,118.0,24.0,0.25862068965517243,0.31092436974789917,1.2247174956007645,0.11278195488721804,266.0,8.0,0.15,0.3383458646616541,-2.5405861719870333,3.1,12.837764335479037,-11.01667251457486,4.333333333333333,-15.535076380657388,36.80295289647439,2.4285714285714284,-10.82367507211166,12.048392567712424,4.666666666666667,5.791892604848795,-8.332478776835828
406,regular,401643779,2024,2,False,Arkansas State,Sun Belt,28,1406.0,Tulsa,American Athletic,24,1248.0,-9.5,-300.0,250.0,65.5,-4,1,0,0,0.21774193548387097,198.0,118.0,0.2602739726027397,0.3629032258064516,29.18014039207326,0.10687022900763359,277.0,111.0,0.5038167938931297,54.607074734261765,0.15126050420168066,191.0,138.0,0.2459016393442623,0.44537815126050423,29.520794567629736,0.19135802469135801,224.0,41.0,0.20987654320987653,0.3765432098765432,25.843976485962976,3.888888888888889,4.098152997696593,25.081987394376664,5.214285714285714,20.781009508684935,33.82606522557683,4.363636363636363,15.264547349862838,14.256247217766898,3.9285714285714284,4.850948278703474,20.993028207259503
407,regular,401643780,2024,2,False,UL Monroe,Sun Belt,32,1156.0,UAB,American Athletic,6,1363.0,10.5,320.0,-400.0,55.5,-26,1,0,0,0.15447154471544716,263.0,22.0,0.15853658536585366,0.3333333333333333,-2.3155736294277496,0.16326530612244897,307.0,69.0,0.5034013605442177,31.02156274014381,0.25,103.0,9.0,0.07407407407407407,0.421875,-0.07796769747446387,0.03225806451612903,152.0,16.0,0.17391304347826086,0.3548387096774194,3.151739634770179,2.5,3.0827087822346018,-5.398282411662351,2.7142857142857144,23.050020742162857,9.805670429397317,1.0,7.277869323977506,-5.5217085900356055,2.4285714285714284,1.0261592653531373,2.125580369417042
410,regular,401641016,2024,2,False,Kennesaw State,Conference USA,10,1485.0,Louisiana,Sun Belt,34,1496.0,14.5,475.0,-650.0,46.5,24,0,0,0,0.08247422680412371,146.0,18.0,0.21818181818181817,0.3402061855670103,2.188963070155464,0.07317073170731707,212.0,119.0,0.5365853658536586,49.25619401790248,0.109375,214.0,104.0,0.13636363636363635,0.4609375,47.0090202497891,0.1592920353982301,134.0,10.0,0.29577464788732394,0.2743362831858407,2.3562516074761852,2.1666666666666665,0.3709390802955383,1.8180239898599255,4.6923076923076925,24.143625309562637,25.112568708339847,4.428571428571429,20.89147340012504,26.11754684966406,3.7142857142857144,-6.1851778060109535,8.541429413487139
432,regular,401628346,2024,2,True,NC State,ACC,10,1606.0,Tennessee,SEC,51,1751.0,10.0,270.0,-340.0,60.5,41,0,24,14,0.28703703703703703,109.0,9.0,0.2982456140350877,0.26851851851851855,-15.298009547735104,0.09554140127388536,330.0,148.0,0.535031847133758,55.56052030320277,0.125,220.0,117.0,0.1746031746031746,0.421875,24.49369394334825,0.30578512396694213,152.0,69.0,0.25,0.4049586776859504,14.679448610487308,-0.16666666666666666,-14.81680033900754,-0.4812092087275642,4.571428571428571,26.870993121671894,28.689527181530874,3.4375,13.944778246898215,10.548915696450036,2.7,2.935979540753911,11.743469069733395
436,regular,401628467,2024,2,False,Nebraska,Big Ten,28,1571.0,Colorado,Big 12,10,1324.0,-6.5,-280.0,230.0,55.0,-18,1,0,0,0.12781954887218044,208.0,62.0,0.13157894736842105,0.42105263157894735,30.936888195383844,0.17796610169491525,96.0,8.0,0.4661016949152542,25.68962456504938,0.27522935779816515,114.0,13.0,0.08333333333333333,0.3761467889908257,10.634134474615752,0.10204081632653061,266.0,61.0,0.075,0.4421768707482993,30.251718638021046,4.0,10.620066007751207,20.31682218763264,3.0,3.149897051209529,22.53972751383985,3.4,7.853085215931484,5.012583226777191,3.466666666666667,17.80573829420958,12.445980343811465
437,regular,401628345,2024,2,False,Oklahoma,SEC,16,1849.0,Houston,Big 12,12,1402.0,-27.5,-4000.0,1800.0,48.5,-4,1,15,0,0.17355371900826447,214.0,33.0,0.1388888888888889,0.30578512396694213,-4.989118817779345,0.1968503937007874,128.0,21.0,0.3700787401574803,-1.815438621048706,0.21774193548387097,153.0,19.0,0.16393442622950818,0.3629032258064516,-8.902239174891733,0.168,207.0,82.0,0.1694915254237288,0.344,14.02989234427479,2.4285714285714284,-7.500915594612132,2.5117967768327865,3.25,-3.1399387378982353,5.475921054065197,2.25,-12.897869032452807,8.14705079477674,4.461538461538462,9.520910475626083,4.508981868648708
454,regular,401635532,2024,2,False,Clemson,ACC,66,1625.0,App State,Sun Belt,20,1578.0,-13.5,-800.0,550.0,53.5,-46,1,25,0,0.09848484848484848,252.0,178.0,0.02857142857142857,0.4621212121212121,53.69146374209473,0.18518518518518517,212.0,89.0,0.4444444444444444,33.5386237618522,0.203125,195.0,102.0,0.11538461538461539,0.421875,26.052740628006386,0.128,181.0,106.0,0.12727272727272726,0.456,38.05566206214717,4.363636363636363,24.69288608274568,28.998577659349053,4.0,20.647033016609633,21.818760760746354,4.5,15.149586969345641,19.83032367416453,4.8,15.186577245169136,22.869084816978038
457,regular,401636859,2024,2,False,Washington State,Pac-12,37,1530.0,Texas Tech,Big 12,16,1541.0,2.5,110.0,-130.0,64.5,-21,1,0,0,0.14093959731543623,224.0,145.0,0.19230769230769232,0.44966442953020136,48.139031727451126,0.14012738853503184,208.0,61.0,0.4713375796178344,42.41702055255118,0.1566265060240964,214.0,103.0,0.1917808219178082,0.3795180722891566,17.91550382335245,0.10434782608695652,231.0,251.0,0.23943661971830985,0.4434782608695652,52.94233114061624,4.3125,12.658905266147267,35.48012646130386,4.066666666666666,8.011911890888474,34.4051086616627,3.4166666666666665,12.837335686538248,5.078168136814201,4.714285714285714,27.25858351186807,25.683747628748165
461,regular,401628469,2024,2,False,Oregon,Big Ten,37,1904.0,Boise State,Mountain West,34,1629.0,-17.5,-1200.0,750.0,60.5,-3,1,7,0,0.19424460431654678,215.0,59.0,0.125,0.4316546762589928,45.52144516363404,0.18382352941176472,227.0,315.0,0.4411764705882353,56.3439365601022,0.23529411764705882,166.0,103.0,0.08163265306122448,0.31092436974789917,10.08052207113055,0.13986013986013987,216.0,13.0,0.13636363636363635,0.4755244755244755,35.850518853856975,5.636363636363637,18.098426356841703,27.423018806792342,4.928571428571429,40.943115987295656,16.415463028412105,4.555555555555555,16.873688459990483,-2.279899713257536,3.7272727272727275,3.602187503887601,32.248331349969376
462,regular,401640989,2024,2,False,New Mexico State,Conference USA,24,1432.0,Liberty,Conference USA,30,1572.0,22.5,1100.0,-2000.0,54.5,6,0,0,0,0.15315315315315314,133.0,78.0,0.2,0.35135135135135137,1.7137293832642764,0.09352517985611511,294.0,134.0,0.460431654676259,46.575428951637825,0.13636363636363635,150.0,112.0,0.23636363636363636,0.36363636363636365,22.519661789086364,0.16417910447761194,270.0,52.0,0.12790697674418605,0.40298507462686567,1.089204888944371,4.555555555555555,-13.05020213778318,14.763931521047455,3.8461538461538463,23.633291021131765,22.942137930506064,2.2727272727272725,5.821462064202258,20.94601170305573,4.625,1.0315019514865431,1.838524064064382
463,regular,401643709,2024,2,False,San Diego State,Mountain West,0,1416.0,Oregon State,Pac-12,21,1648.0,5.5,175.0,-210.0,54.5,21,0,0,0,0.1926605504587156,130.0,26.0,0.13157894736842105,0.3394495412844037,8.353303966172458,0.08053691275167785,434.0,106.0,0.5302013422818792,46.214903104634445,0.11971830985915492,289.0,26.0,0.10843373493975904,0.4014084507042254,-5.514127732932755,0.15625,236.0,114.0,0.09375,0.34375,17.823424298345014,2.8,3.047916370942831,5.305387595229627,4.0,36.24417491078745,11.667874972250496,3.5,4.297871440645522,-5.342093715614202,2.4285714285714284,12.966448213237905,4.85697608510711
464,regular,401628343,2024,2,False,Arizona State,Big 12,30,1497.0,Mississippi State,SEC,23,1447.0,-6.5,-225.0,190.0,57.5,-7,1,0,0,0.08496732026143791,302.0,81.0,0.15217391304347827,0.42483660130718953,3.145984922675064,0.17117117117117117,183.0,59.0,0.4774774774774775,31.217281190316708,0.22641509433962265,136.0,12.0,0.11320754716981132,0.3584905660377358,-11.579670199395494,0.05405405405405406,387.0,118.0,0.0970873786407767,0.49324324324324326,40.503312694683665,3.3333333333333335,15.24207400768731,-12.096089085012245,4.5,6.006302339995309,25.210978850321396,4.8,-15.800903115929056,4.221232916533561,3.5714285714285716,35.48299703200792,5.020315662675738
465,regular,401628472,2024,2,False,USC,Big Ten,48,1668.0,Utah State,Mountain West,0,1346.0,-30.5,-7500.0,2500.0,62.5,-48,1,13,0,0.0975609756097561,318.0,163.0,0.06493506493506493,0.49390243902439024,43.90607153282265,0.175,212.0,172.0,0.45,28.531423039752934,0.14754098360655737,160.0,69.0,0.17647058823529413,0.4098360655737705,15.940093290496941,0.15333333333333332,258.0,150.0,0.12121212121212122,0.58,54.61985582261186,4.230769230769231,30.50968414974589,13.396387383076762,3.3333333333333335,20.782536898806907,7.74888614094603,2.857142857142857,3.791042210852412,12.14905107964453,4.25,22.980732056746344,31.639123765865513
468,regular,401636867,2024,3,False,Texas State,Sun Belt,28,1545.0,Arizona State,Big 12,31,1504.0,-2.5,-145.0,125.0,58.5,3,0,0,0,0.33962264150943394,136.0,12.0,0.11320754716981132,0.3584905660377358,-11.579670199395494,0.14189189189189189,387.0,118.0,0.49324324324324326,40.503312694683665,0.6111111111111112,82.0,24.0,0.13043478260869565,0.2222222222222222,-3.0966506908540494,0.35365853658536583,146.0,62.0,0.125,0.4634146341463415,14.167990135770197,4.8,-15.800903115929056,4.221232916533561,3.5714285714285716,35.48299703200792,5.020315662675738,5.0,4.650436433415453,-7.747087124269503,3.4,6.98148320667822,7.186506929091977
478,regular,401636863,2024,3,True,Kansas,Big 12,20,1606.0,UNLV,Mountain West,23,1541.0,-7.0,-345.0,275.0,57.0,3,0,0,0,0.20555555555555555,262.0,77.0,0.12987012987012986,0.3333333333333333,18.0076554353555,0.15346534653465346,527.0,238.0,0.42574257425742573,48.833257496752225,0.2154696132596685,289.0,57.0,0.1188118811881188,0.3425414364640884,-1.8433681440647551,0.1276595744680851,433.0,163.0,0.07339449541284404,0.5159574468085106,59.28881108685615,4.555555555555555,10.904405125681125,7.103250309674373,4.0,41.37713938980424,7.456118106947985,3.0,5.7745859175837255,-7.617954061648481,5.538461538461538,45.46573329053366,18.915456314196923
479,regular,401636864,2024,3,False,Kansas State,Big 12,31,1790.0,Arizona,Big 12,7,1720.0,-7.0,-258.0,210.0,58.0,-24,1,14,20,0.14285714285714285,332.0,114.0,0.15,0.39285714285714285,37.68962252457367,0.1791907514450867,195.0,198.0,0.4277456647398844,47.307963923790936,0.20441988950276244,185.0,112.0,0.2988505747126437,0.34806629834254144,6.118010979186079,0.08620689655172414,384.0,244.0,0.13,0.47701149425287354,63.9051082715385,4.8,19.47925239269586,19.977480295399385,3.8125,14.555433789833717,32.752530133957215,2.2,-16.72565340513316,29.463067225851205,4.333333333333333,45.00598817374692,18.899120097791577
481,regular,401628475,2024,3,False,Illinois,Big Ten,30,1515.0,Central Michigan,Mid-American,9,1191.0,-21.5,-1600.0,900.0,49.5,-21,1,0,0,0.28440366972477066,169.0,145.0,0.1896551724137931,0.4036697247706422,30.881056624146904,0.22916666666666666,243.0,48.0,0.4166666666666667,6.094589652924266,0.16201117318435754,262.0,66.0,0.13095238095238096,0.3743016759776536,2.2638055666322163,0.1702127659574468,326.0,139.0,0.0891089108910891,0.44680851063829785,58.07282727494094,4.8,14.345331507206057,16.53572511694085,1.6,14.49146353995196,-8.396873887027695,2.3636363636363638,5.295963882819214,2.529861402644082,4.631578947368421,10.582841388955249,47.48998588598569
482,regular,401628479,2024,3,False,Michigan,Big Ten,28,1928.0,Arkansas State,Sun Belt,18,1404.0,-22.0,-1800.0,1000.0,47.5,-10,1,17,0,0.143646408839779,371.0,219.0,0.17475728155339806,0.48066298342541436,51.03885942509951,0.19480519480519481,278.0,41.0,0.3593073593073593,31.353138211120925,0.16494845360824742,166.0,46.0,0.21333333333333335,0.35051546391752575,12.863510638955301,0.13559322033898305,360.0,101.0,0.125,0.4519774011299435,31.40354875994236,4.470588235294118,33.61526431868705,17.423595106412453,3.6,0.3069064764923004,31.046231734628623,3.4,-9.880558628441488,22.74406926739679,4.266666666666667,21.988117212672645,9.415431547269716
486,regular,401628359,2024,3,False,South Carolina,SEC,33,1637.0,LSU,SEC,36,1803.0,7.0,205.0,-250.0,50.0,3,0,0,16,0.21787709497206703,264.0,248.0,0.1958762886597938,0.41899441340782123,42.928008533648715,0.0979381443298969,222.0,77.0,0.4690721649484536,53.04314601719339,0.23529411764705882,294.0,93.0,0.16831683168316833,0.39215686274509803,5.622570981889506,0.22994652406417113,301.0,215.0,0.22950819672131148,0.3422459893048128,21.623269619745844,3.4,15.29837751895081,29.427419711305504,4.761904761904762,7.331684132071623,45.711461885121764,3.3529411764705883,16.775162971615952,-6.576829813372913,3.5238095238095237,10.19483986720114,11.428429752544707
491,regular,401636865,2024,3,False,Miami (OH),Mid-American,16,1490.0,Cincinnati,Big 12,27,1397.0,3.5,130.0,-150.0,47.5,11,0,0,0,0.18877551020408162,296.0,70.0,0.15,0.42346938775510207,27.976332544523085,0.1323529411764706,292.0,181.0,0.49019607843137253,60.7500561850007,0.1328125,201.0,68.0,0.15,0.453125,15.33175661459493,0.19327731092436976,108.0,5.0,0.21052631578947367,0.3949579831932773,0.23379611599600492,2.7058823529411766,7.992192880166258,24.199334404656007,2.9411764705882355,15.382745752330802,45.367310432669896,2.3636363636363638,9.266193615195494,6.065562999399437,1.777777777777778,-3.5254045160890413,7.974395372384225
492,regular,401635542,2024,3,False,Florida State,ACC,12,1610.0,Memphis,American Athletic,20,1625.0,-7.0,-258.0,210.0,52.0,8,0,0,0,0.2857142857142857,169.0,29.0,0.25,0.34523809523809523,-3.114143094213038,0.15591397849462366,207.0,90.0,0.43010752688172044,45.511839110164104,0.11518324607329843,307.0,137.0,0.18421052631578946,0.4293193717277487,44.514426540023734,0.17058823529411765,157.0,35.0,0.25806451612903225,0.34705882352941175,16.9096107180164,3.3333333333333335,-0.5552293455237967,-2.5589137486892413,4.8,8.66598838293846,36.845850727225645,3.8823529411764706,10.749465832346381,33.76496070767735,3.3076923076923075,2.7415406443800174,14.16807007363638
493,regular,401636868,2024,3,False,Texas Tech,Big 12,66,1490.0,North Texas,American Athletic,21,1469.0,-10.5,-360.0,290.0,70.5,-45,1,0,0,0.13122171945701358,317.0,86.0,0.17708333333333334,0.416289592760181,60.97153757131292,0.12962962962962962,271.0,114.0,0.4027777777777778,44.159992274791335,0.13679245283018868,318.0,167.0,0.18018018018018017,0.4009433962264151,48.924364682677066,0.15859030837004406,332.0,137.0,0.16129032258064516,0.4713656387665198,82.01994442371478,4.304347826086956,23.453591200156342,37.51794637115658,3.473684210526316,12.998066921936264,31.161925352855068,4.15,18.203525990006707,30.72083869267036,4.818181818181818,22.563090451759315,59.456853971955454
506,regular,401628350,2024,3,False,Wisconsin,Big Ten,10,1593.0,Alabama,SEC,42,2006.0,15.5,470.0,-650.0,51.0,32,0,0,4,0.2100456621004566,265.0,64.0,0.21495327102803738,0.2785388127853881,-17.332414049241013,0.11827956989247312,345.0,311.0,0.45698924731182794,85.54776732297383,0.11949685534591195,278.0,118.0,0.15730337078651685,0.4088050314465409,35.941814394290326,0.1735159817351598,388.0,38.0,0.12295081967213115,0.4748858447488584,45.64504955091935,1.8571428571428572,-6.912240579298047,-10.420173469942968,5.6,42.22702758829311,43.320739734680714,4.3125,18.52937990912773,17.412434485162592,3.8,27.69184593447597,17.95320361644338
507,regular,401635546,2024,3,False,NC State,ACC,30,1512.0,Louisiana Tech,Conference USA,20,1246.0,-20.5,-1200.0,750.0,47.5,-10,1,0,0,0.14728682170542637,170.0,36.0,0.2222222222222222,0.32558139534883723,9.106921720592789,0.2032520325203252,119.0,15.0,0.3170731707317073,-2.2361552622461525,0.15469613259668508,260.0,119.0,0.175,0.3867403314917127,24.36404482272528,0.23809523809523808,250.0,96.0,0.23076923076923078,0.4074074074074074,30.510403933470727,3.0,2.361690038867262,10.703041036278366,3.7,-6.077706627151124,3.841551364904971,3.4,14.133651260092755,10.230393562632523,3.125,8.268643857905316,24.191249281987663
508,regular,401636869,2024,3,False,Tulsa,American Athletic,10,1250.0,Oklahoma State,Big 12,45,1530.0,17.5,600.0,-900.0,62.5,35,0,0,13,0.19383259911894274,315.0,149.0,0.12244897959183673,0.3656387665198238,25.99147832122833,0.10648148148148148,278.0,29.0,0.4212962962962963,68.49693648820673,0.17766497461928935,306.0,143.0,0.19626168224299065,0.4010152284263959,71.29198557590732,0.14,376.0,140.0,0.08823529411764706,0.44,55.52805430156433,1.6666666666666667,9.961063752898356,16.030414568329974,4.421052631578948,7.875942158717869,61.310432268749295,4.4,12.560348595146754,59.42107492002099,3.9523809523809526,24.47031379647287,31.057740505091466
512,regular,401628357,2024,3,False,Missouri,SEC,27,1803.0,Boston College,ACC,21,1462.0,-14.5,-600.0,450.0,51.5,-6,1,6,24,0.0972972972972973,212.0,43.0,0.26136363636363635,0.3027027027027027,1.1383801911549107,0.11731843575418995,368.0,160.0,0.41899441340782123,63.57697763902362,0.20512820512820512,193.0,26.0,0.26744186046511625,0.27564102564102566,-12.575527237961595,0.07048458149779736,418.0,102.0,0.1092436974789916,0.5418502202643172,74.3157168731058,3.0,-10.132431078287766,11.270811269442678,5.0,17.443696454736372,46.13328118428724,2.3333333333333335,-10.301423557791997,-2.2741036801695973,4.5,35.33283881439748,38.982878058708316
552,regular,401629041,2024,3,False,Buffalo,Mid-American,34,1298.0,Massachusetts,FBS Independents,3,1125.0,-3.5,-165.0,140.0,45.5,-31,1,0,0,0.1393939393939394,233.0,50.0,0.18888888888888888,0.3393939393939394,20.248254911419078,0.23423423423423423,286.0,72.0,0.33783783783783783,4.772971580364507,0.1813953488372093,272.0,63.0,0.2,0.413953488372093,13.223253891864495,0.13114754098360656,318.0,65.0,0.16964285714285715,0.34972677595628415,22.10534293088417,4.333333333333333,1.2526875492808895,18.99556736213819,2.9375,3.6321806761393853,1.1407909042251216,3.6470588235294117,4.098013995567893,13.105861938846298,4.461538461538462,11.172770028364196,10.932572902519974
582,regular,401643786,2024,3,False,Temple,American Athletic,20,1074.0,Coastal Carolina,Sun Belt,28,1537.0,17.5,550.0,-800.0,51.5,8,0,0,0,0.15675675675675677,309.0,105.0,0.18556701030927836,0.4,5.6586821789491015,0.06280193236714976,490.0,143.0,0.48792270531400966,55.95936361139865,0.06914893617021277,427.0,220.0,0.112,0.42021276595744683,41.61251901875137,0.2185792349726776,215.0,41.0,0.20253164556962025,0.33879781420765026,-9.9175905459518,3.857142857142857,1.1179093745731428,4.540772804375959,4.714285714285714,30.754981063508176,25.204382547890475,4.526315789473684,25.8581805364043,15.75433848234707,3.0,-9.012574292892221,0.7590527809218841
601,regular,401635547,2024,3,False,Pittsburgh,ACC,38,1483.0,West Virginia,Big 12,34,1546.0,2.5,102.0,-122.0,60.5,-4,1,0,0,0.16842105263157894,219.0,112.0,0.25,0.4,48.77057543105913,0.19072164948453607,351.0,121.0,0.4484536082474227,48.749566046214596,0.19626168224299065,279.0,81.0,0.27522935779816515,0.3691588785046729,27.915095359409914,0.16336633663366337,290.0,157.0,0.1375,0.4900990099009901,61.537906190478736,4.866666666666667,-1.6654416323238832,50.43601706338301,5.333333333333333,33.21067313784671,22.564020358183143,4.4375,1.4397384102841961,33.500484398940976,5.0,12.76540603464388,48.772500155834855
602,regular,401635544,2024,3,False,Miami,ACC,62,1618.0,Ball State,Mid-American,0,1341.0,-36.5,-7500.0,3000.0,55.5,-62,1,10,0,0.14728682170542637,179.0,97.0,0.1320754716981132,0.49612403100775193,60.23585025570022,0.25,142.0,42.0,0.3333333333333333,-6.60903011941247,0.31875,139.0,122.0,0.3333333333333333,0.29375,-20.98283891550304,0.0794392523364486,419.0,162.0,0.058823529411764705,0.5373831775700935,118.12082246765232,4.75,15.174608775152064,51.04777381071171,4.666666666666667,-1.3182279244167283,-4.344802984290965,3.1666666666666665,5.702893579526178,-26.685732495029217,4.8,43.97688072152175,74.14394174613057
603,regular,401628481,2024,3,False,Minnesota,Big Ten,27,1492.0,Nevada,Mountain West,0,1273.0,-17.5,-800.0,550.0,44.5,-27,1,0,0,0.19591836734693877,305.0,195.0,0.24561403508771928,0.4204081632653061,54.57613825544203,0.14942528735632185,436.0,146.0,0.3946360153256705,36.86229656173929,0.2356687898089172,205.0,23.0,0.13157894736842105,0.27388535031847133,-21.480581543723368,0.15384615384615385,259.0,139.0,0.1702127659574468,0.5,46.61605793283597,3.9166666666666665,20.68260092498269,33.893537330459345,3.2857142857142856,12.328024174569816,26.30138255069105,2.111111111111111,-0.5761782667978892,-20.90440327692548,3.9,21.647443196583225,24.968614736252746
604,regular,401628484,2024,3,True,Washington,Big Ten,19,1759.0,Washington State,Pac-12,24,1581.0,-4.0,-225.0,185.0,56.0,5,0,0,0,0.13852813852813853,297.0,139.0,0.20588235294117646,0.3939393939393939,34.879810667715326,0.11864406779661017,295.0,318.0,0.4293785310734463,63.31219585354952,0.19487179487179487,262.0,116.0,0.14444444444444443,0.3384615384615385,-9.575258664698126,0.11764705882352941,352.0,168.0,0.09090909090909091,0.5508021390374331,84.36758207999954,3.3333333333333335,10.882601375227866,23.99720929248746,4.285714285714286,30.071931259602138,33.24026459394738,2.4,12.60513870319438,-22.180397367892503,4.333333333333333,30.448485213191837,53.919096866807706
606,regular,401628353,2024,3,False,Florida,SEC,20,1497.0,Texas A&M,SEC,33,1677.0,4.5,124.0,-148.0,47.0,13,0,0,0,0.15254237288135594,226.0,161.0,0.25263157894736843,0.3672316384180791,22.140242544341643,0.07920792079207921,501.0,190.0,0.49504950495049505,58.89088646825345,0.14634146341463414,355.0,89.0,0.17647058823529413,0.4195121951219512,49.65514669333325,0.1834319526627219,226.0,104.0,0.2222222222222222,0.46745562130177515,37.168732873095806,4.2727272727272725,5.412797890947603,16.72744465339404,3.736842105263158,42.244432845515306,16.646453622738143,3.388888888888889,16.32957182349859,33.32557486983466,4.428571428571429,14.276889145870632,22.891843727225176
609,regular,401628358,2024,3,False,Oklahoma,SEC,34,1840.0,Tulane,American Athletic,19,1569.0,-13.5,-525.0,400.0,48.5,-15,1,15,0,0.1366120218579235,292.0,156.0,0.21153846153846154,0.3989071038251366,7.234595904975807,0.16042780748663102,360.0,170.0,0.41711229946524064,59.38877684950902,0.21354166666666666,237.0,35.0,0.17391304347826086,0.3333333333333333,-0.04306896472272901,0.145,318.0,154.0,0.1782178217821782,0.36,17.238994946904107,2.764705882352941,6.477148371843417,0.7574475331323899,4.157894736842105,6.31754819587891,53.07122865363011,3.2857142857142856,-14.795873138227108,18.904225110720045,4.380952380952381,13.79188422795392,3.4471107189501846
613,regular,401628978,2024,3,False,Purdue,Big Ten,7,1492.0,Notre Dame,FBS Independents,66,1858.0,11.5,220.0,-270.0,45.5,59,0,0,18,0.143646408839779,328.0,37.0,0.14563106796116504,0.3370165745856354,-4.695847716414581,0.11794871794871795,318.0,288.0,0.41025641025641024,60.12523384276099,0.13934426229508196,244.0,173.0,0.2125,0.36065573770491804,29.86641866560627,0.15178571428571427,185.0,96.0,0.061224489795918366,0.4017857142857143,28.508197149992647,2.9,5.445004976368936,-10.140852692783517,4.411764705882353,40.39316093046224,19.73207291229875,4.5,21.08220830658637,8.7842103590199,6.125,16.239853231665972,12.268343918326677
614,regular,401628483,2024,3,False,Oregon State,Pac-12,14,1676.0,Oregon,Big Ten,49,1902.0,16.0,750.0,-1200.0,50.0,35,0,0,9,0.21621621621621623,251.0,120.0,0.10256410256410256,0.33513513513513515,19.596127047150897,0.11940298507462686,332.0,104.0,0.5074626865671642,71.23175467746802,0.1497005988023952,246.0,117.0,0.15714285714285714,0.4251497005988024,43.7345397897835,0.11162790697674418,518.0,123.0,0.08208955223880597,0.48372093023255813,55.73050808065479,4.583333333333333,22.131584815891543,1.9778089068617488,4.411764705882353,21.481307486254956,49.75044719121306,4.363636363636363,20.927036353310186,22.807503436473315,4.125,41.50207126668852,15.925583592369781
615,regular,401628477,2024,3,False,Iowa,Big Ten,38,1552.0,Troy,Sun Belt,21,1573.0,-23.5,-3000.0,1300.0,39.5,-17,1,0,0,0.1270718232044199,344.0,266.0,0.17307692307692307,0.5248618784530387,56.830206108466726,0.20118343195266272,201.0,84.0,0.42011834319526625,30.315474596646663,0.21052631578947367,183.0,1.0,0.16216216216216217,0.3508771929824561,0.7937793633080659,0.12135922330097088,379.0,289.0,0.18333333333333332,0.46601941747572817,40.228874189297485,4.5,29.958340423915484,26.871865684551246,5.5,10.739674341844164,19.575800254802502,2.6,-8.606621224222437,9.400400587530502,3.7142857142857144,19.819231693684966,20.409642495612516
617,regular,401643785,2024,3,False,East Carolina,American Athletic,19,1415.0,App State,Sun Belt,21,1446.0,-0.5,-105.0,-115.0,56.5,2,0,0,0,0.10582010582010581,345.0,179.0,0.07216494845360824,0.455026455026455,62.36138533816468,0.19815668202764977,265.0,90.0,0.41935483870967744,42.03765289204708,0.2361111111111111,190.0,6.0,0.391304347826087,0.32407407407407407,-5.241629834232529,0.16589861751152074,304.0,103.0,0.2222222222222222,0.4377880184331797,30.414044250332683,3.857142857142857,29.429584847061147,32.93180049110353,3.764705882352941,11.827770297276142,39.137052610274715,2.7272727272727275,-24.031894169795205,18.790264335562675,2.8421052631578947,6.989111361142451,23.42493288919023
625,regular,401628351,2024,3,False,Arkansas,SEC,37,1446.0,UAB,American Athletic,27,1270.0,-23.5,-2000.0,1100.0,60.5,-10,1,0,0,0.15675675675675677,403.0,85.0,0.1565217391304348,0.3945945945945946,16.882727001574025,0.14553990610328638,407.0,75.0,0.47417840375586856,43.857253982035395,0.16756756756756758,167.0,9.0,0.2375,0.35135135135135137,10.40261651085445,0.16964285714285715,421.0,237.0,0.14678899082568808,0.5491071428571429,87.93801423788022,3.5625,25.42048785556685,-8.537760853992827,3.25,22.18564534343311,23.50573707001865,3.5714285714285716,-14.880387744047132,25.28300425490158,4.28,54.91160669127238,33.026407546607835
626,regular,401636870,2024,3,False,Utah State,Mountain West,21,1246.0,Utah,Big 12,38,1627.0,20.5,900.0,-1600.0,43.5,17,0,0,12,0.22099447513812154,252.0,93.0,0.22580645161290322,0.30386740331491713,-8.933758293797956,0.11616161616161616,349.0,165.0,0.4494949494949495,41.91310922545525,0.1134453781512605,439.0,234.0,0.11965811965811966,0.5042016806722689,58.85183368402074,0.19576719576719576,298.0,213.0,0.16666666666666666,0.4126984126984127,35.49064355563143,1.8,6.224440008908037,-6.359531878405728,4.45,15.016117772129267,26.896991453325988,4.380952380952381,36.0734208076227,22.778412876398036,3.0,27.059511283586982,8.431132272044449
642,regular,401640990,2024,3,False,Liberty,Conference USA,28,1573.0,UTEP,Conference USA,10,1232.0,-23.5,-2500.0,1200.0,57.5,-18,1,0,0,0.14009661835748793,410.0,196.0,0.1484375,0.45410628019323673,56.588366314778426,0.23118279569892472,225.0,37.0,0.3817204301075269,24.79015167693402,0.18032786885245902,198.0,93.0,0.21875,0.3551912568306011,-0.9117506818567358,0.095,416.0,182.0,0.12396694214876033,0.465,64.64684239164268,3.8,27.74389956387408,28.844466750904342,3.090909090909091,8.305800633461152,18.715885011565792,3.3846153846153846,-11.401120351737465,10.489369669880729,3.9,27.660395590312163,36.986446801330516
650,regular,401640980,2024,3,False,Florida Atlantic,American Athletic,38,1373.0,Florida International,Conference USA,20,1271.0,-3.5,-165.0,140.0,44.5,-18,1,0,0,0.15625,441.0,150.0,0.109375,0.4330357142857143,46.530407622279014,0.2,213.0,106.0,0.37058823529411766,14.718981635955394,0.15555555555555556,396.0,201.0,0.1206896551724138,0.4,23.794013871377633,0.16161616161616163,312.0,114.0,0.16346153846153846,0.36363636363636365,19.07000125246011,3.6315789473684212,40.2679728844958,6.262434737783221,4.5625,9.56910318965441,7.764305408492298,3.0,24.70918951388222,1.699251319686728,2.6666666666666665,15.373190073926626,9.20224325635628
651,regular,401629030,2024,3,False,Duke,ACC,26,1602.0,UConn,FBS Independents,21,1157.0,-17.5,-800.0,550.0,46.5,-5,1,0,0,0.1461187214611872,286.0,168.0,0.2608695652173913,0.410958904109589,34.39088337719735,0.14432989690721648,331.0,152.0,0.4020618556701031,38.65031207786345,0.27,218.0,110.0,0.3,0.33,-6.967894190496934,0.1590909090909091,233.0,36.0,0.25806451612903225,0.38636363636363635,16.000070826879767,3.5294117647058822,5.88721853329157,28.503664843905774,3.7333333333333334,20.463233206948644,18.187078870914807,2.3076923076923075,0.028715377763647177,-6.996609568260582,3.0,-14.858247184465782,30.696229694791793
652,regular,401635548,2024,3,False,Old Dominion,Sun Belt,17,1397.0,Virginia Tech,ACC,37,1597.0,15.5,500.0,-700.0,47.5,20,0,0,0,0.24260355029585798,310.0,233.0,0.19230769230769232,0.35502958579881655,18.948036180961846,0.20398009950248755,371.0,141.0,0.40298507462686567,40.660281602580426,0.17355371900826447,426.0,200.0,0.15894039735099338,0.36363636363636365,27.189414006050313,0.21649484536082475,296.0,161.0,0.11,0.3556701030927835,15.348621456926907,2.75,21.078037727808322,6.503589912219352,4.2631578947368425,20.393120703883447,24.12672234376543,3.0416666666666665,19.347874336016503,11.701101115102261,3.3333333333333335,12.886922662500545,8.986950177202143
660,regular,401628355,2024,3,False,Wake Forest,ACC,6,1424.0,Ole Miss,SEC,40,1770.0,20.5,900.0,-1600.0,65.5,34,0,0,5,0.2676767676767677,120.0,11.0,0.3108108108108108,0.2828282828282828,-26.604648789159015,0.11255411255411256,454.0,229.0,0.6060606060606061,136.54213156510596,0.10648148148148148,406.0,102.0,0.08256880733944955,0.5185185185185185,68.44749606918339,0.14027149321266968,289.0,56.0,0.1,0.4343891402714932,39.70446580433884,0.9,-17.000924606801192,-9.603724182357823,4.785714285714286,60.42912267280548,76.11300889230047,4.105263157894737,25.420035992471288,49.77740289181306,3.35,13.771404361937337,25.933061442401502
664,regular,401641040,2024,3,False,Sam Houston,Conference USA,31,1370.0,Hawai'i,Mountain West,13,1242.0,-3.5,-170.0,145.0,48.5,-18,1,0,0,0.23118279569892472,268.0,92.0,0.18681318681318682,0.3548387096774194,21.92350244976636,0.225130890052356,204.0,34.0,0.39267015706806285,11.215240714729518,0.16751269035532995,349.0,91.0,0.06666666666666667,0.4263959390862944,35.34995733317207,0.19170984455958548,341.0,127.0,0.13157894736842105,0.3626943005181347,37.17155092590796,3.857142857142857,8.660548133246392,13.262954316519966,3.857142857142857,1.564954644035969,9.650286070693548,4.5,34.73272731978877,0.6172300133833027,3.923076923076923,7.037920823245967,30.13363010266199
672,regular,401628361,2024,3,False,Texas,SEC,56,1991.0,UTSA,American Athletic,7,1467.0,-36.5,-20000.0,4000.0,56.5,-49,1,2,0,0.2558139534883721,127.0,78.0,0.3088235294117647,0.3643410852713178,28.32113282482521,0.3,163.0,64.0,0.37857142857142856,4.968221388613586,0.2011173184357542,230.0,57.0,0.2247191011235955,0.3463687150837989,-13.200603993587904,0.125,289.0,155.0,0.20754716981132076,0.49038461538461536,80.60028425896665,4.0,-4.82181062896329,33.1429434537885,2.8,-1.991493144461822,6.959714533075409,1.625,-6.3371008777028335,-6.863503115885072,5.045454545454546,11.135666123276645,69.46461813569002
673,regular,401628362,2024,3,False,Georgia State,Sun Belt,36,1370.0,Vanderbilt,SEC,32,1313.0,8.5,280.0,-350.0,45.5,-4,1,0,0,0.18333333333333332,199.0,69.0,0.20238095238095238,0.34444444444444444,11.388462890430153,0.16022099447513813,376.0,105.0,0.4972375690607735,54.55723639445918,0.1864406779661017,288.0,130.0,0.13636363636363635,0.423728813559322,55.07551505491645,0.14832535885167464,278.0,130.0,0.21052631578947367,0.430622009569378,32.99900623286418,4.909090909090909,-6.34224994368239,17.73071283411254,4.6,24.97600366513249,29.58123272932669,5.214285714285714,22.53845861263053,32.53705644228592,3.944444444444444,6.877523777935347,26.12148245492883
674,regular,401640999,2024,3,False,Eastern Michigan,Mid-American,37,1298.0,Jacksonville State,Conference USA,34,1374.0,2.5,105.0,-125.0,53.5,-3,1,0,0,0.13135593220338984,443.0,146.0,0.17518248175182483,0.5254237288135594,81.94900638877458,0.13186813186813187,244.0,101.0,0.3956043956043956,18.46915862403035,0.13297872340425532,291.0,146.0,0.15555555555555556,0.5319148936170213,57.28457985032027,0.17972350230414746,307.0,58.0,0.1559633027522936,0.4147465437788018,12.217857408594803,5.041666666666667,32.45073763298735,49.49826875578723,4.0,-9.465157286637782,27.93431591066813,3.4,19.342245035074587,37.94233481524569,3.7222222222222223,5.404800995944814,6.813056412649989
677,regular,401643789,2024,3,False,Southern Miss,Sun Belt,24,1230.0,South Florida,American Athletic,49,1433.0,13.0,360.0,-450.0,58.5,25,0,0,0,0.25888324873096447,209.0,107.0,0.3434343434343434,0.350253807106599,16.640318652253534,0.13043478260869565,451.0,293.0,0.40869565217391307,45.80008277804143,0.16145833333333334,350.0,197.0,0.1326530612244898,0.4322916666666667,37.40665893492835,0.27702702702702703,127.0,78.0,0.3448275862068966,0.39864864864864863,25.69736099670175,3.6666666666666665,0.2087171219413144,16.43160153031222,4.125,45.66974617862096,0.13033659942046888,3.3043478260869565,36.87840744726817,0.5282514876601914,3.4615384615384617,2.797647133753934,22.899713862947817
681,regular,401641024,2024,3,False,Middle Tennessee,Conference USA,21,1288.0,Western Kentucky,Conference USA,49,1323.0,10.5,225.0,-275.0,53.5,28,0,0,0,0.14772727272727273,336.0,228.0,0.125,0.4943181818181818,78.99882674096489,0.135,223.0,53.0,0.43,45.01316009095399,0.13043478260869565,287.0,135.0,0.17777777777777778,0.5652173913043478,98.97279324335197,0.18579234972677597,180.0,26.0,0.3055555555555556,0.3879781420765027,28.687291048285303,3.7333333333333334,30.03102388494674,48.967802856018146,4.055555555555555,0.9509494181316979,44.06221067282229,4.72,23.67533473819656,75.2974585051554,2.823529411764706,-6.777528464793453,37.473139661209345
682,regular,401641017,2024,3,False,San Jos√© State,Mountain West,31,1567.0,Kennesaw State,Conference USA,10,1423.0,-16.5,-1200.0,750.0,41.5,-21,1,0,0,0.14736842105263157,241.0,125.0,0.2111111111111111,0.4631578947368421,56.39377799272182,0.17714285714285713,175.0,12.0,0.26857142857142857,-1.5267915666796295,0.21359223300970873,280.0,47.0,0.2288135593220339,0.3300970873786408,-2.0619513532516387,0.21052631578947367,122.0,55.0,0.36904761904761907,0.42105263157894735,30.65263425874972,4.428571428571429,13.819145511661965,42.57463248105986,3.6,-12.473677241583834,10.946885674904204,3.1538461538461537,6.549264899906155,-8.611216253157794,4.368421052631579,-22.607404269120465,53.260038527870186
716,regular,401628356,2024,3,False,Mississippi State,SEC,17,1440.0,Toledo,Mid-American,41,1524.0,-10.5,-380.0,300.0,56.5,24,0,0,0,0.22596153846153846,275.0,71.0,0.15555555555555556,0.3798076923076923,28.783287385184277,0.13259668508287292,321.0,48.0,0.46408839779005523,51.71497534040988,0.08482142857142858,429.0,86.0,0.13970588235294118,0.45535714285714285,30.533655927730944,0.17613636363636365,254.0,68.0,0.1,0.4431818181818182,42.4211656213117,3.5714285714285716,7.542298238050639,25.008732418776248,4.6521739130434785,10.189914724314663,41.52506061609521,4.176470588235294,15.551612385392039,14.982043542338905,4.133333333333333,9.941150864620234,32.48001475669147
717,regular,401628352,2024,3,False,Auburn,SEC,45,1537.0,New Mexico,Mountain West,19,1228.0,-25.5,-2500.0,1200.0,58.5,-26,1,0,0,0.15577889447236182,404.0,365.0,0.16363636363636364,0.5628140703517588,81.23375996282601,0.11940298507462686,317.0,129.0,0.39800995024875624,49.87853368559331,0.16346153846153846,213.0,59.0,0.28888888888888886,0.3557692307692308,10.046247020120937,0.18012422360248448,315.0,170.0,0.10126582278481013,0.5403726708074534,83.95336041111572,4.956521739130435,31.108245120900808,50.1255148419252,3.409090909090909,14.86018065624944,35.01835302934387,2.588235294117647,-11.184055235100649,28.047696870178417,4.85,37.42471110721491,46.52864930390081
720,regular,401628476,2024,3,False,UCLA,Big Ten,13,1553.0,Indiana,Big Ten,42,1430.0,3.5,160.0,-190.0,46.5,29,0,0,0,0.22641509433962265,177.0,37.0,0.2028985507246377,0.3018867924528302,-12.501867523999861,0.12886597938144329,401.0,169.0,0.6082474226804123,104.6841520969908,0.24615384615384617,155.0,15.0,0.20754716981132076,0.46153846153846156,25.275040052483284,0.20952380952380953,125.0,32.0,0.175,0.3333333333333333,6.80582877072426,3.2857142857142856,-2.9555898881480944,-9.546277635851768,5.545454545454546,37.27313560527596,67.41101649171485,4.583333333333333,-1.333992104378163,26.60903215686145,2.6363636363636362,0.7027551473504603,6.103073623373801
722,regular,401636866,2024,3,False,TCU,Big 12,34,1578.0,UCF,Big 12,35,1644.0,-1.5,-148.0,124.0,61.5,1,0,0,0,0.1222707423580786,180.0,9.0,0.2696629213483146,0.3624454148471616,35.58459965966204,0.06514084507042253,833.0,314.0,0.5669014084507042,110.89740321671238,0.125,547.0,130.0,0.13253012048192772,0.42045454545454547,49.659139148584195,0.08015267175572519,287.0,29.0,0.18811881188118812,0.5,87.85786430094976,1.9166666666666667,-25.69715533111101,62.9069235442707,3.9310344827586206,87.37330737467647,23.524095842035912,3.055555555555556,32.273453032591775,17.385686115992417,3.5384615384615383,2.005579770672379,85.85228453027737
723,regular,401636861,2024,3,False,Colorado State,Mountain West,9,1261.0,Colorado,Big 12,28,1307.0,7.5,245.0,-305.0,58.5,19,0,0,0,0.17676767676767677,271.0,132.0,0.1553398058252427,0.3787878787878788,36.90233325462575,0.1912568306010929,154.0,28.0,0.47540983606557374,41.442347828633544,0.1708542713567839,274.0,61.0,0.18085106382978725,0.46733668341708545,50.88476523732212,0.20430107526881722,280.0,146.0,0.23469387755102042,0.4032258064516129,20.09930303713887,3.2222222222222223,13.244539227345532,23.657794027280218,3.7142857142857144,6.897123840534733,34.54522398809881,5.0,7.776821149829912,43.107944087492214,3.4166666666666665,16.281404278369777,3.8178987587690933
724,regular,401636860,2024,3,False,Baylor,Big 12,31,1417.0,Air Force,Mountain West,3,1549.0,-17.5,-900.0,600.0,40.5,-28,1,0,0,0.1638418079096045,256.0,54.0,0.1935483870967742,0.3898305084745763,18.246505561152055,0.11794871794871795,410.0,33.0,0.3128205128205128,-4.926741302020996,0.11299435028248588,327.0,107.0,0.1968503937007874,0.24858757062146894,-9.884718393750505,0.14210526315789473,331.0,109.0,0.16666666666666666,0.41578947368421054,18.134330979173143,2.764705882352941,-3.768798255774074,22.015303816926128,3.444444444444444,7.585269083747539,-12.512010385768534,1.9166666666666667,2.0421193515516265,-11.926837745302132,3.3636363636363638,11.084428429421584,15.848568974051824
725,regular,401628354,2024,3,False,Kentucky,SEC,12,1563.0,Georgia,SEC,13,2066.0,24.0,1300.0,-2800.0,45.0,1,0,0,1,0.19411764705882353,288.0,20.0,0.21212121212121213,0.36470588235294116,-12.94360996141128,0.11494252873563218,254.0,113.0,0.45977011494252873,59.21729104130004,0.2518518518518518,123.0,29.0,0.33783783783783783,0.34074074074074073,2.6674751162644026,0.19318181818181818,368.0,59.0,0.14953271028037382,0.4318181818181818,2.448511505654835,1.8,0.022611426543661047,-12.96622138795494,5.176470588235294,17.369831570006728,41.84745947129331,3.7,-15.60467957383308,18.272154690097484,3.5,16.630663358874916,-14.182151853220079
727,regular,401628478,2024,3,False,Virginia,ACC,13,1317.0,Maryland,Big Ten,27,1679.0,-2.5,-145.0,125.0,55.5,14,0,0,0,0.14213197969543148,233.0,76.0,0.18604651162790697,0.38578680203045684,24.041808639907927,0.13839285714285715,315.0,82.0,0.45089285714285715,61.85717242873213,0.14479638009049775,341.0,71.0,0.102803738317757,0.4117647058823529,43.57405274664828,0.13,305.0,75.0,0.12087912087912088,0.42,51.3230339783848,2.6666666666666665,5.130435151164653,19.630647800305713,4.4,10.108665278058881,51.74850715067325,3.5,21.17685700123841,22.397195745409867,3.944444444444444,10.457964441638858,41.584343848308386
740,regular,401636862,2024,3,False,Houston,Big 12,33,1411.0,Rice,American Athletic,7,1314.0,-3.5,-190.0,160.0,43.5,-26,1,0,0,0.2074468085106383,319.0,172.0,0.12962962962962962,0.2978723404255319,13.775018989970745,0.17142857142857143,250.0,168.0,0.3657142857142857,21.92986070512495,0.1871345029239766,274.0,43.0,0.15789473684210525,0.28654970760233917,-10.567390510128925,0.18518518518518517,228.0,145.0,0.1978021978021978,0.3544973544973545,9.02759810471699,3.6923076923076925,9.724199155979312,4.050819833991432,5.928571428571429,26.703868552882252,-4.774007847757305,2.7333333333333334,-6.099802474340276,-4.46758803578865,3.7777777777777777,3.613594649957992,9.565424391974666
741,regular,401636871,2024,3,False,Wyoming,Mountain West,14,1354.0,BYU,Big 12,34,1430.0,9.5,290.0,-360.0,40.5,20,0,0,0,0.20540540540540542,235.0,93.0,0.1744186046511628,0.3027027027027027,-4.023706491984835,0.14563106796116504,336.0,73.0,0.4368932038834951,51.78880508404839,0.13131313131313133,363.0,87.0,0.168141592920354,0.4494949494949495,46.14850145576136,0.18032786885245902,252.0,64.0,0.18181818181818182,0.2677595628415301,-20.26381719293399,3.3076923076923075,12.035610560999775,-16.05931705298461,3.391304347826087,10.207567044026222,41.58123804002217,3.736842105263158,14.699313521109564,31.4491879346518,3.4,-4.485177597681519,-15.77863959525247
745,regular,401635541,2024,3,False,California,ACC,31,1502.0,San Diego State,Mountain West,10,1388.0,-18.5,-900.0,600.0,48.5,-21,1,0,0,0.19014084507042253,289.0,26.0,0.10843373493975904,0.4014084507042254,-5.514127732932755,0.25,236.0,114.0,0.34375,17.823424298345014,0.375,152.0,46.0,0.11627906976744186,0.40384615384615385,8.465562665533358,0.37362637362637363,96.0,26.0,0.23809523809523808,0.43956043956043955,1.7639185877089807,3.5,4.297871440645522,-5.342093715614202,2.4285714285714284,12.966448213237905,4.85697608510711,2.625,8.033295719666091,0.43226694586726594,4.666666666666667,-9.341004320409576,11.104922908118557
746,regular,401641033,2024,3,False,Fresno State,Mountain West,48,1551.0,New Mexico State,Conference USA,0,1431.0,-19.5,-1600.0,900.0,48.5,-48,1,0,0,0.11557788944723618,280.0,187.0,0.19791666666666666,0.39195979899497485,45.650973013127135,0.19170984455958548,322.0,69.0,0.33678756476683935,-13.171094589370222,0.18652849740932642,232.0,55.0,0.21428571428571427,0.33678756476683935,-1.5402992408560936,0.14356435643564355,298.0,87.0,0.18627450980392157,0.40594059405940597,34.896851205829115,3.3,17.959380135446683,31.93940485585208,3.3636363636363638,-1.9427174247624899,-9.447556038001178,2.9375,1.1842696069597305,-2.724568847815824,3.9473684210526314,12.386810205594356,22.51004100023476
